149.938025,350.9104,419.627004,601.143551,900.696694,0.006041,-0.038505,0.023424,-0.037975,0.0096,-0.054696,0.021099,-0.026546,0.01255,0.01846,-0.019643,0.025536,-0.018729,0.027857,0.02936,0.033671,0.073349,0.025732,-0.024366,-0.006128,-0.001322,-0.004938,-0.036141,-0.047012,-0.001247,0.078056,-0.042026,-0.001481,-0.062069,-0.031264,-0.05245,-0.00115,0.048121,-0.038388,0.002529,-0.007427,0.037569,0.012811,-0.042468,0.01037,0.042167,-0.040636,-0.054815,0.027566,0.045782
193.566638,340.39957,393.706061,755.40569,907.382051,0.006205,-0.061113,0.017742,-0.036043,0.012177,-0.038552,0.011395,-0.036885,0.016972,0.002932,-0.083722,0.004495,-0.004564,0.00556,0.053758,0.014875,0.054097,0.000649,0.017482,0.050369,0.035962,-0.020763,0.03244,0.014049,0.046373,0.014905,0.036333,-0.012927,0.029712,-3.2e-05,-0.085432,-0.020388,0.021797,-0.012076,0.025635,-0.030892,0.03473,0.002751,-0.049927,-0.017313,0.051765,0.012486,-0.057379,-9.7e-05,0.047654
220.271028,403.598153,735.785164,1187.214046,1362.94105,-0.011268,0.04142,-0.021254,0.040281,-0.019438,0.041185,-0.007671,0.039141,-0.025882,-0.021948,0.002848,-0.020734,0.003094,-0.035889,-0.037233,-0.053062,-0.037497,-0.035116,-0.003142,-0.066971,-0.025537,-0.051439,-0.003306,0.04145,-0.012693,0.045159,-0.02246,-0.057744,-0.011121,0.019391,-0.00248,-0.050053,-0.015072,0.073,0.01581,-0.014939,0.00898,-0.004083,0.077814,-0.000712,-0.004241,-0.000125,-0.030972,0.022089,-0.057973
224.448991,466.751697,700.792619,1214.572024,1420.526151,-0.009144,0.040176,-0.020404,0.039026,-0.017848,0.040672,-0.015392,0.038222,-0.03255,-0.020786,-0.000481,-0.027845,0.000237,-0.03763,-0.039488,-0.044418,-0.039319,-0.031194,-0.003266,0.066147,0.019783,0.052147,-0.00606,-0.039784,0.018773,-0.044296,0.033038,-0.052164,-0.0163,0.035909,-0.004364,-0.055603,-0.010153,0.057947,0.029462,-0.017582,0.032487,0.011207,0.050656,0.004458,0.015862,-0.022374,-0.011938,0.010568,-0.091297
141.402172,405.582934,724.348766,1237.341167,1402.039576,-0.003977,0.039458,-0.026459,0.038789,-0.036338,0.024163,-0.025045,0.02338,-0.038787,-0.004685,-0.017029,-0.01921,-0.013907,-0.033648,-0.049213,-0.036329,-0.0467,-0.02487,-0.001339,-0.071247,-0.021128,-0.0464,-0.001288,0.044226,-0.014329,0.047375,-0.022034,-0.037652,-0.017357,0.047336,0.003043,-0.052477,-0.014423,0.058348,0.023893,-0.036034,0.104711,-0.004826,0.024137,0.003029,-0.015956,-0.007999,-0.000261,0.010039,-0.039742
222.869054,438.468695,532.496353,922.75622,1016.711551,-0.008734,0.053188,-0.017076,0.041272,-0.017064,0.039075,-0.012031,0.031958,-0.023508,-0.020207,-0.024026,-0.035388,-0.003907,-0.036901,-0.023079,-0.047354,-0.02377,-0.038285,0.001532,-0.093075,-0.009189,-0.005216,0.002931,0.047543,0.002316,0.050192,-0.009882,-0.021801,-0.027777,0.037864,0.059327,-0.032545,-0.046327,0.035817,0.013411,-0.018578,0.014429,-0.03847,-0.012624,0.059637,0.019217,0.023422,-0.021282,-0.075412,0.035602
226.650047,299.593701,495.4355,999.071223,1595.039786,0.009488,-0.051779,0.021904,-0.050368,0.018507,-0.027116,0.01728,-0.024885,0.025118,-0.003246,0.022448,-0.030278,0.021891,-0.006054,-0.060912,-0.037647,-0.060896,-0.00155,0.019131,0.047375,0.025994,0.042122,0.03418,-0.019512,0.031733,-0.020275,0.043287,-0.040853,0.012446,0.056379,0.008551,-0.056723,-0.025164,0.038141,-0.007325,-0.03307,0.056505,0.006307,0.043937,0.000378,0.016962,-0.005285,-0.045348,0.002346,-0.066328
150.649216,363.221462,714.961449,1216.074405,1357.309847,-0.004485,0.040133,-0.026267,0.039262,-0.034495,0.026758,-0.022472,0.025771,-0.037331,0.005002,0.01238,0.014532,0.010109,0.033042,0.048595,0.044484,0.046779,0.026954,0.002006,0.073627,0.023748,0.045487,0.003814,-0.041695,0.011888,-0.045587,0.022345,-0.041863,-0.017213,0.033754,0.005225,-0.054155,-0.01877,0.067746,0.021496,-0.028203,0.068801,-0.005832,0.057025,0.002785,-0.007615,-0.003777,-0.022614,0.017981,-0.051247
113.992509,446.206414,541.792433,1025.862174,1136.014176,-0.002109,0.02862,-0.019059,0.028389,-0.004178,0.048159,-0.017288,0.047118,-0.049626,0.02312,-0.010067,0.027459,-0.009668,0.04228,0.037101,0.044966,0.039306,0.025519,-0.012257,0.062794,0.010598,0.054246,-0.022011,-0.015111,0.026958,-0.026059,0.056049,-0.04338,-0.036318,-0.019225,-0.020197,-0.053048,0.019757,0.037695,0.036383,0.043202,0.017164,-0.006447,-0.052992,-0.006883,0.023738,0.044922,-0.03507,-0.042027,0.065089
71.066082,169.781266,462.547386,720.21516,1315.142225,-0.000441,0.047906,-0.035757,0.047806,-0.001172,-0.046724,-0.036083,-0.046834,-0.001175,0.004459,-0.03273,0.017101,-0.032149,0.011883,-0.052476,0.010322,-0.05108,0.015793,0.020479,0.034511,0.014032,0.030969,0.049111,-0.00211,0.032948,-0.003322,0.054523,-0.021541,0.030873,0.049342,0.023976,-0.046663,-0.018404,0.058767,-0.013602,-0.043424,0.033615,0.012408,0.06291,0.00253,0.0146,0.002616,-0.072881,-0.002791,-0.023863
161.276574,340.276438,486.768846,1057.013977,1199.227537,0.003357,-0.042373,0.011132,-0.041433,0.007207,-0.046819,-0.01809,-0.045825,0.010335,0.018403,-0.013679,0.027803,-0.012729,0.037823,0.01421,0.060018,0.016268,0.043688,0.000955,0.056863,0.050255,0.048392,0.000801,-0.04156,-0.010327,-0.042157,0.008142,-0.022301,0.024373,-0.053697,0.009719,-0.022965,-0.02854,0.067349,-0.027053,0.029486,0.043649,0.030766,-0.047475,0.00066,0.049961,0.01033,-0.045897,-0.026311,0.042474
82.524765,305.763643,639.864348,1003.106644,1466.320099,-0.035491,0.035663,-0.024886,0.035533,-0.036739,0.019219,-0.024475,0.018887,-0.037494,-0.025068,-0.033853,-0.022794,-0.032008,-0.024321,-0.039316,-0.032404,-0.036703,-0.018701,-0.011892,0.054314,0.027534,0.045345,-0.010023,-0.055716,0.011857,-0.054277,0.01296,-0.068212,-0.024011,0.041846,-0.012477,-0.031436,-0.003534,0.056096,0.032604,-0.010752,0.054215,-0.005282,0.042174,0.003498,-0.014553,-0.025207,-0.01281,0.030112,-0.079217
178.428311,405.618615,735.528719,1105.97975,1550.737795,-0.025376,0.039187,-0.02437,0.038391,-0.031256,0.027158,-0.021936,0.025905,-0.035157,-0.028144,-0.015797,-0.018415,-0.013609,-0.031911,-0.047287,-0.034748,-0.04493,-0.023524,-0.001679,-0.067938,-0.020995,-0.04968,-0.000658,0.044501,-0.01405,0.047866,-0.021687,-0.068636,-0.013813,0.041877,-0.004235,-0.037176,-0.005868,0.060732,0.021351,-0.009959,0.051506,-0.000495,0.050152,0.003415,-0.012823,-0.01749,-0.009292,0.019125,-0.081917
186.165258,421.488213,684.935033,1082.995181,1597.852512,0.005777,-0.037096,0.020978,-0.036339,0.012609,-0.046815,0.017244,-0.045332,0.017314,-0.021265,0.012241,-0.023353,0.011712,-0.043339,-0.038226,-0.034126,-0.038959,-0.043681,-0.00054,0.06532,0.031101,0.051848,-0.002294,-0.032333,0.037067,-0.035193,0.008732,-0.032706,-0.023596,0.037903,-0.011516,-0.043491,0.007216,0.064028,0.030762,-0.058887,0.069048,0.004322,0.035152,0.000229,0.015446,-0.003521,-0.029163,0.005273,-0.074321
180.116521,362.453753,698.623736,969.663448,1185.763098,-0.004698,0.036542,-0.020388,0.035832,-0.009224,0.050862,0.007151,0.048749,-0.013418,-0.018827,0.017975,-0.019344,0.017083,-0.035542,-0.025126,-0.062022,-0.028208,-0.039822,0.001821,0.066221,0.023769,0.052222,0.002112,-0.037995,0.025819,-0.043541,0.018097,-0.038297,-0.011753,-0.013795,-0.005276,-0.049933,-0.019161,0.084969,0.01053,-0.031219,0.007512,0.002869,-0.081407,0.000591,0.015629,0.004421,0.013008,-0.035132,0.051328
205.556799,292.820845,557.205829,871.57188,1590.465302,0.008329,-0.042929,0.023909,-0.041912,0.015556,-0.039084,0.019703,-0.035967,0.021158,-0.005919,0.032828,-0.028455,0.031842,-0.010724,-0.057941,-0.034218,-0.058745,-0.008025,-0.025485,-0.047365,-0.014007,-0.040519,-0.042396,0.010013,-0.024992,0.014737,-0.049395,0.032509,-0.025076,-0.052378,-0.017282,0.047236,0.020179,-0.057582,0.003658,0.039894,0.059384,0.005437,0.027152,0.005925,0.017033,-0.036806,-0.02907,0.044275,-0.062281
44.188128,183.2154,333.67559,827.598619,1150.369685,-0.00039,0.047978,-0.035783,0.047848,-0.00065,-0.046915,-0.035844,-0.046951,-0.00065,0.012581,-0.039364,0.003237,-0.036795,0.020791,-0.047096,-0.00051,-0.045807,0.026025,0.024673,0.040069,0.032347,0.033125,0.038081,-0.00792,0.036101,-0.008054,0.041961,-0.050442,0.020223,0.054542,0.004997,-0.052124,-0.030389,0.034672,-0.017955,-0.019959,0.00702,0.09063,-0.003037,-0.067844,0.003096,0.008062,-0.007367,0.000738,-0.00308
217.180525,327.730898,569.40174,897.387908,1250.785119,0.00855,-0.044208,0.023637,-0.042726,0.016699,-0.038965,0.019016,-0.032214,0.022912,-0.006623,0.029792,-0.028273,0.028423,-0.012458,-0.057753,-0.035955,-0.05927,-0.008841,-0.022673,-0.051012,-0.015523,-0.041262,-0.039382,0.010844,-0.025879,0.021312,-0.047535,0.030216,-0.024409,-0.049026,-0.015732,0.045674,0.038321,-0.052372,-0.020577,0.038074,-0.021486,0.003466,0.022635,-0.007946,-0.022686,0.05983,0.013631,-0.084495,-0.005044
161.799779,343.889672,678.158437,989.551094,1461.654637,0.012793,-0.037224,0.023059,-0.036659,0.017811,-0.042822,0.020427,-0.041101,0.021333,-0.033127,0.007158,-0.016803,0.007139,-0.043635,-0.042715,-0.025011,-0.042289,-0.041801,0.000558,-0.0649,-0.031767,-0.051689,0.00182,0.029788,-0.039042,0.034503,-0.008167,-0.046506,-0.024509,0.037392,-0.013804,-0.035489,0.005892,0.064999,0.040507,-0.042201,0.076469,0.001714,0.026905,0.002024,-0.002245,-0.012794,-0.010333,0.01719,-0.081808
125.073593,395.322556,712.029403,949.343311,1053.379986,-0.006038,0.038831,-0.02689,0.038504,-0.037121,0.023444,-0.025824,0.021463,-0.039012,-0.0075,-0.016209,-0.017506,-0.014329,-0.033136,-0.05334,-0.033994,-0.044232,-0.024189,-0.005556,-0.065267,-0.014207,-0.050934,-0.008268,0.037032,-0.007965,0.056448,-0.027481,-0.038823,0.008068,0.040696,0.007784,-0.034854,-0.046192,0.049005,0.052625,-0.02527,0.109039,0.002725,0.009028,0.003122,-0.015565,-0.02189,0.001052,0.024948,-0.026543
188.728839,350.480038,645.602839,1036.844936,1097.915827,0.00522,-0.037247,0.020189,-0.036458,0.010239,-0.049897,-0.008375,-0.048271,0.014838,-0.017176,0.023055,-0.021778,0.021963,-0.032509,-0.030091,-0.059956,-0.032188,-0.03593,0.01024,0.063373,0.011691,0.05192,0.016903,-0.037441,0.022229,-0.041267,0.032201,0.043879,0.001239,-0.012102,-0.000973,0.055391,0.020128,-0.079274,-0.003192,0.029837,-0.000753,0.011261,0.087218,0.004627,-0.008202,0.0047,-0.032063,0.012786,-0.036815
144.737668,366.43164,715.852791,949.871686,1279.063444,-0.023041,0.038097,-0.025448,0.037624,-0.033169,0.025926,-0.023914,0.02511,-0.035717,-0.02748,-0.013024,-0.013892,-0.011517,-0.033661,-0.050795,-0.027463,-0.048629,-0.026014,-0.001905,-0.067203,-0.025506,-0.051085,0.001133,0.040492,-0.023753,0.043528,-0.016078,-0.093977,-0.013096,0.030585,-0.007484,-0.014874,0.004981,0.050523,0.018548,0.000458,0.053134,-0.01254,0.040601,-0.00145,-0.044604,-0.00913,0.038538,0.02278,-0.072247
173.497039,379.975704,672.589194,1046.647073,1520.258731,0.005276,-0.038047,0.022527,-0.037383,0.017123,-0.04368,0.019442,-0.04162,0.021202,-0.015026,0.008691,-0.020932,0.008551,-0.045026,-0.041889,-0.030877,-0.041922,-0.043776,5.4e-05,-0.064636,-0.031747,-0.051758,0.002502,0.031667,-0.037306,0.036101,-0.008301,-0.025308,-0.02246,0.03823,-0.011054,-0.043225,-0.000816,0.062437,0.04156,-0.058169,-0.091099,-0.003324,-0.023681,-0.001674,-0.006929,0.010442,0.022172,-0.012814,0.0577
121.600634,378.856863,680.973724,1207.128126,1337.121772,0.002934,-0.038491,0.026626,-0.03805,0.036088,-0.024377,0.025477,-0.023802,0.040528,0.003967,0.011779,0.017093,0.009764,0.037786,0.052559,0.03361,0.050409,0.017025,9.8e-05,-0.068725,-0.020994,-0.049034,0.006317,0.037859,-0.021941,0.041342,-0.036295,-0.04556,-0.024439,0.029565,-0.001402,-0.061448,-0.004863,0.061771,0.025831,-0.004629,0.068931,0.00188,0.048232,0.002755,-0.01071,-0.016749,0.007394,0.012732,-0.072072
90.784075,290.966236,549.621134,1160.362367,1287.56579,0.000799,-0.055035,-0.016478,-0.054793,0.001604,-0.030585,-0.017441,-0.030211,0.003685,0.014431,0.000183,0.047665,0.000322,0.027598,-0.022152,0.045627,-0.019156,0.049345,-0.017897,0.044586,0.005478,0.039453,-0.031807,-0.05835,-0.013236,-0.059026,0.003236,0.044043,0.026246,-0.04152,0.008818,0.051131,0.013924,-0.045474,-0.038316,0.038792,-0.037827,-0.003435,-0.040892,-0.003053,-0.02917,0.018247,0.03238,-0.004177,0.086009
60.242314,256.280458,559.078391,1180.096186,1395.526812,-0.000391,0.055431,0.018777,0.055324,-0.00113,0.02874,0.019363,0.028624,-0.001456,-0.014279,0.008862,-0.045524,0.008512,-0.038604,0.012798,-0.04374,0.011059,-0.044486,0.008558,-0.042609,-0.020516,-0.037711,0.020708,0.063037,0.012295,0.061621,0.003313,-0.049611,-0.027769,0.044945,-0.009488,-0.048728,-0.007383,0.046353,0.028502,-0.040413,0.061662,-0.012936,0.047684,-0.001934,0.00449,0.000632,-0.044964,0.013637,-0.057691
210.936876,432.951359,535.206509,960.587176,1203.910945,-0.007605,0.047094,-0.018643,0.038669,-0.01488,0.042334,-0.011742,0.04042,-0.0208,0.021251,-0.000967,0.027729,-0.003741,0.039035,0.033941,0.045725,0.03453,0.039467,-0.00179,-0.097093,-0.020109,-0.014061,-0.002751,0.038828,-0.014056,0.040169,-0.012961,-0.019882,-0.044787,0.033051,0.069043,-0.028815,-0.02068,0.042744,-0.012583,-0.016297,0.03586,-0.023043,-0.024774,0.053476,0.038741,-0.005475,-0.05379,-0.033631,0.047876
204.184627,461.840438,593.844409,717.104723,1263.856983,0.007397,-0.040702,0.021964,-0.03908,0.01448,-0.047468,0.017312,-0.02865,0.029229,0.020894,-0.000398,0.02735,-0.001388,0.037917,0.039109,0.045308,0.039193,0.03118,0.008515,0.037042,-0.004299,0.02604,0.014872,0.017877,-0.00922,-0.091015,0.049509,0.013213,-0.059284,-0.029977,-0.039892,0.022513,0.064532,-0.034383,-0.017259,-0.005341,0.055679,0.032913,0.010337,0.000602,0.050432,-0.025135,-0.045257,0.006487,-0.052496
189.461785,450.85391,459.670294,694.534653,1268.124579,-0.006144,0.041124,-0.024005,0.04025,-0.012047,0.053834,-0.020167,0.012644,-0.021634,0.014224,-0.005817,0.028828,-0.005722,0.025776,0.03034,0.047446,0.069766,0.01305,-0.018819,-0.003872,-0.000821,-0.002735,-0.03457,-0.045192,-8e-05,0.077298,-0.052738,0.003882,-0.065104,-0.024482,-0.052153,0.007247,0.055186,-0.02799,0.012332,-0.022178,-0.060708,-0.017953,0.014351,-0.008233,-0.057371,0.027918,0.04989,-0.019376,0.026479
180.97706,346.077468,689.809982,984.84513,1255.354751,-0.005242,0.03763,-0.021369,0.036904,-0.013195,0.04753,0.001895,0.046188,-0.023987,-0.014952,0.010763,-0.017093,0.010415,-0.035941,-0.029934,-0.061635,-0.030974,-0.041611,0.003837,-0.065603,-0.019097,-0.052123,0.008673,0.039025,-0.022178,0.04274,-0.034643,-0.036372,-0.01839,-0.045066,-0.009611,-0.048524,-0.006948,0.06203,0.001107,0.027267,0.028849,0.009464,-0.066542,0.001532,0.036546,0.010913,-0.034587,-0.0265,0.059367
184.995945,415.133222,699.413121,1213.053053,1390.026935,0.006598,-0.039831,0.024,-0.039075,0.027029,-0.033194,0.021045,-0.031781,0.036412,0.010915,0.005319,0.022388,0.004243,0.039482,0.047089,0.038025,0.045717,0.02642,0.001186,-0.065874,-0.021739,-0.051966,0.005703,0.0391,-0.021742,0.042651,-0.031901,-0.045985,-0.017386,0.039096,-0.005093,-0.055636,-0.00698,0.060464,0.02677,-0.025786,0.057852,0.007677,0.044754,0.003342,0.008949,-0.016152,-0.006796,0.006958,-0.085126
217.299317,466.068685,684.997634,1213.377059,1378.756779,-0.008509,0.039117,-0.020292,0.03806,-0.016629,0.041435,-0.015583,0.039449,-0.034338,0.021124,-0.000676,0.027852,-0.001271,0.038262,0.039582,0.044148,0.039542,0.030361,-0.004834,0.066017,0.019127,0.052587,-0.008642,-0.037939,0.020296,-0.042008,0.036782,-0.056196,-0.020471,0.027117,-0.00664,-0.058832,-0.0021,0.057628,0.026595,-0.001217,0.019269,0.009652,0.056712,0.004626,0.007497,-0.022874,0.00126,0.009321,-0.095034
117.204575,356.540463,702.599149,1160.117234,1327.560087,-0.002733,0.038787,-0.027127,0.038501,-0.037744,0.022966,-0.025223,0.022319,-0.039407,0.002808,0.013125,0.013416,0.011798,0.030321,0.052026,0.041461,0.049636,0.023126,0.00239,0.06692,0.017712,0.052707,0.0095,-0.040825,0.010977,-0.0462,0.02662,-0.022734,-0.004191,0.050532,0.000387,-0.056342,-0.020576,0.059079,0.022676,-0.036824,0.091012,0.001767,0.039623,0.000434,8.7e-05,-0.000407,-0.02935,0.008791,-0.036761
114.456014,313.780101,563.161736,899.108744,1374.471748,0.00135,-0.054878,-0.013841,-0.054492,0.0027,-0.032264,-0.01617,-0.030561,0.004242,0.016956,-0.002111,0.049326,-0.001871,0.032237,-0.018014,0.04714,-0.008122,0.042378,0.012418,-0.045205,-0.017275,-0.0398,0.022259,0.061386,0.015856,0.059494,0.004379,0.024223,0.013098,-0.029369,0.005489,0.035991,0.043743,-0.031209,-0.07147,0.042709,-0.047031,0.002129,-0.039404,-0.000137,-0.03095,0.003676,0.064987,-0.014014,0.04988
235.628002,406.310971,611.745713,1086.77444,1553.797725,-0.010313,0.04339,-0.021773,0.042054,-0.020084,0.036531,-0.016427,0.034156,-0.029644,0.012183,-0.018192,0.02899,-0.017423,0.022445,0.053804,0.041966,0.054096,0.016018,-0.016111,-0.059844,-0.015076,-0.049852,-0.027242,0.026415,-0.022156,0.029936,-0.041574,0.044594,-0.010592,-0.05306,-0.006549,0.05677,0.019567,-0.049501,-0.001917,0.025448,-0.049756,-0.011167,-0.047108,-0.001444,-0.017109,0.011199,0.032458,-0.00467,0.077201
151.744735,328.508997,653.488925,989.706283,1483.809989,-0.012004,0.036525,-0.022761,0.035772,-0.015834,0.04439,-0.020393,0.043409,-0.018942,-0.035394,0.009425,-0.016526,0.009196,-0.04455,-0.04104,-0.02347,-0.040955,-0.043415,0.000404,-0.068396,-0.032565,-0.048692,0.001468,0.028694,-0.040493,0.031455,-0.006821,-0.045932,-0.031363,0.036922,-0.011691,-0.034867,0.014114,0.066567,0.033296,-0.042639,0.072343,-0.000508,0.0286,0.000933,0.000189,-0.003354,-0.010183,0.007459,-0.088068
60.074444,387.903675,626.641621,826.353453,1151.280335,0.000494,-0.028561,0.020722,-0.028471,0.000982,-0.054819,0.02018,-0.054671,0.002826,0.022836,-0.023538,0.020032,-0.021628,0.042783,0.027742,0.026738,0.029568,0.062798,-0.002857,0.066492,0.029581,0.050369,-0.005743,-0.022016,0.046733,-0.02545,0.014584,-0.002162,0.017526,-0.034556,0.011062,-0.001514,-0.016739,-0.055583,-0.025728,0.105646,0.053742,0.029386,0.005446,0.006791,0.057882,-0.00834,-0.050738,-0.021993,-0.039099
226.049061,449.605848,736.914444,1006.811984,1476.649436,-0.013632,0.042198,-0.022038,0.040993,-0.022712,0.037611,-0.017234,0.031259,-0.029421,-0.023403,-0.006064,-0.025361,-0.004812,-0.036149,-0.041971,-0.042159,-0.038917,-0.031529,-0.002687,-0.065629,-0.019334,-0.050339,-0.002775,0.040038,-0.012001,0.053975,-0.024404,-0.033595,0.001928,0.038688,0.004355,-0.037024,-0.044371,0.04784,0.057586,-0.03115,0.070713,0.016105,0.000569,0.007342,0.026154,-0.042892,-0.040203,0.044591,-0.035162
147.422113,306.7959,467.581389,987.364247,1493.497593,0.004187,-0.049247,0.001794,-0.048652,0.007118,-0.041199,-0.000991,-0.039375,0.009748,0.018006,0.014908,0.050926,0.014293,0.029277,-0.009473,0.052313,-0.006448,0.034751,-0.021095,0.045424,0.015701,0.041523,-0.033081,-0.053698,0.004525,-0.053951,-0.026851,0.035797,0.03012,-0.033462,0.016147,0.03987,0.004818,-0.052423,-0.0521,0.052558,-0.058555,-0.004678,-0.027526,-0.005869,-0.016651,0.03693,0.047656,-0.042058,0.047706
114.210674,205.48313,554.317636,1036.712384,1225.559827,0.003851,-0.05537,-0.004931,-0.054983,0.012147,-0.031794,-0.006325,-0.031295,0.013607,-0.013645,-0.004787,-0.046035,-0.004686,-0.040587,-0.000831,-0.046789,-0.001475,-0.042941,0.009497,-0.043002,-0.021351,-0.038133,0.021639,0.063251,-0.002063,0.061239,0.002947,-0.094774,-0.020599,0.029032,-0.010537,-0.024942,0.001938,0.040046,0.019698,-0.01399,0.062408,-0.022499,0.040606,-0.0065,-0.044529,-0.007075,0.026352,0.02441,-0.063588
165.113587,368.171094,428.782037,665.098038,1244.612827,-0.004265,0.041448,-0.023465,0.040766,-0.008388,0.059694,-0.015256,0.005676,-0.011708,-0.003334,-0.004454,-0.021562,-0.004176,-0.006092,0.001424,-0.054783,-0.091037,-0.001356,0.024204,-0.00523,0.01354,-0.005427,0.04479,0.046455,0.023161,-0.044654,0.052422,0.00326,-0.063041,-0.034903,-0.051471,0.006596,0.052126,-0.014863,0.033625,-0.008276,0.040598,0.00425,0.041773,0.001565,0.034344,-0.002465,-0.078031,0.023975,-0.020886
101.822963,405.348805,562.62693,1019.979992,1601.333987,-0.001469,0.030689,-0.020222,0.03049,-0.00291,0.053606,-0.019047,0.053176,-0.004289,-0.024431,0.021474,-0.024219,0.020142,-0.045458,-0.029918,-0.030483,-0.031821,-0.049693,0.002325,-0.060807,-0.037795,-0.052105,0.005,0.023296,-0.046441,0.025284,0.001887,-0.028915,-0.032956,0.031505,-0.018472,-0.038855,0.017761,0.059764,0.036583,-0.063943,0.06385,0.002539,0.034249,-5.9e-05,0.020934,-0.001016,-0.0355,0.00326,-0.074789
222.136747,466.538436,695.615027,1211.518511,1402.220968,-0.008936,0.039848,-0.02038,0.038728,-0.017449,0.040955,-0.015466,0.038556,-0.033095,-0.020892,-0.000119,-0.027848,0.00056,-0.037829,-0.03952,-0.044335,-0.039389,-0.030935,-0.003762,0.066102,0.01953,0.052289,-0.006869,-0.039121,0.01922,-0.043724,0.034333,-0.052963,-0.017162,0.034041,-0.004841,-0.056429,-0.008917,0.057951,0.029624,-0.014119,0.029562,0.01144,0.051691,0.004797,0.014666,-0.023477,-0.00884,0.010599,-0.092445
194.903066,290.007127,555.910452,849.7699,1445.929239,-0.006412,0.039783,-0.02217,0.038902,-0.012568,0.044463,-0.015436,0.04282,-0.017677,0.007032,-0.036697,0.02963,-0.035529,0.013409,0.053265,0.03758,0.054114,0.012065,-0.023339,-0.047506,-0.0124,-0.040696,-0.040902,0.013678,-0.029459,0.01596,-0.049362,0.031283,-0.023618,-0.049181,-0.016331,0.04867,0.014777,-0.060824,0.007211,0.044432,-0.037197,-0.01371,-0.060464,-0.000871,-0.016165,-0.001452,0.062737,0.000934,0.041686
181.324859,343.47413,597.257924,954.388095,1105.890852,0.006301,-0.041052,0.016879,-0.040268,0.010948,-0.048037,-0.010057,-0.043839,0.01512,-0.021978,0.011652,-0.023214,0.011179,-0.036724,-0.021422,-0.060757,-0.02648,-0.040547,0.003221,0.0605,0.042741,0.05118,0.003702,-0.038307,-0.001918,-0.044721,0.014838,-0.034939,-0.003361,0.024832,0.001352,-0.041332,-0.048436,0.051655,0.055272,-0.031297,0.020851,-0.014649,0.06198,-0.00745,0.014416,0.011169,-0.058211,0.038322,-0.040143
191.17107,347.972848,704.493855,1145.399986,1280.146522,-0.006518,0.041171,-0.0231,0.03965,-0.021465,0.040657,-0.006561,0.039126,-0.027551,-0.011834,0.003916,-0.016432,0.004143,-0.036747,-0.038027,-0.056983,-0.038207,-0.036072,0.002484,0.073952,0.025706,0.045989,0.003856,-0.039278,0.01246,-0.043025,0.02505,-0.044674,-0.011779,-0.023769,0.00305,-0.048917,-0.018141,0.078302,0.000271,0.010976,0.014635,0.014366,-0.077566,-0.004663,0.028734,0.007323,-0.010679,-0.026756,0.056379
83.356407,297.652202,712.676228,936.077248,1325.817709,0.035041,-0.035226,0.025547,-0.035095,0.036315,-0.02023,0.024373,-0.019981,0.037232,0.027824,0.016259,0.004441,0.015186,0.027276,0.053414,0.031586,0.051609,0.019883,-0.000849,0.06629,0.026257,0.051773,-0.001598,-0.039311,0.02504,-0.04238,0.0184,-0.064493,-0.020134,0.01762,-0.01196,-0.032838,0.000879,0.078862,0.019127,-0.004691,0.011932,-0.004363,0.073761,-0.000698,-0.008298,-0.002038,-0.016508,0.022001,-0.071127
218.573743,379.424426,578.881031,1027.992452,1564.177312,-0.016492,0.043551,-0.024153,0.042419,-0.025201,0.030377,-0.020038,0.028348,-0.031284,0.013105,-0.013176,0.02629,-0.012905,0.018891,0.058186,0.039103,0.057693,0.01231,0.024497,0.05969,0.009167,0.050679,0.032328,-0.023769,0.016538,-0.027925,0.039418,-0.050835,0.015947,0.054843,0.009878,-0.048055,-0.021963,0.051707,-0.002879,-0.018379,0.061001,0.009953,0.04679,0.001346,0.000628,-0.010938,-0.029589,0.005999,-0.072673
197.427418,463.745056,646.401866,1171.482073,1317.289571,-0.006877,0.036528,-0.020015,0.035698,-0.013483,0.043434,-0.016116,0.041816,-0.03847,0.021974,-0.003518,0.027989,-0.003811,0.039857,0.039564,0.043471,0.039808,0.028287,-0.007715,0.065397,0.017484,0.053353,-0.013555,-0.032488,0.023023,-0.036988,0.044415,0.055909,0.027319,-0.007594,0.01129,0.059867,-0.009933,-0.05014,-0.027617,-0.028571,-0.003149,0.005576,0.061719,0.004405,-0.009783,-0.025376,0.023013,0.013544,-0.090766
192.700043,341.910116,651.291134,953.626153,1116.565397,0.005754,-0.0391,0.021293,-0.038247,0.012944,-0.048817,-0.006156,-0.043618,0.017773,-0.015212,0.019348,-0.020691,0.018529,-0.032928,-0.031073,-0.060662,-0.036193,-0.035293,0.011564,0.062384,0.011219,0.050726,0.021238,-0.031063,0.012673,-0.048458,0.036565,-0.026654,0.014152,0.032358,0.011945,-0.041113,-0.055878,0.050233,0.046977,-0.028948,0.015268,0.008489,0.077754,0.002246,0.009375,0.015419,-0.053425,0.007828,-0.030791
226.928291,379.615092,525.199705,1037.743291,1603.996363,0.009064,-0.048123,0.015599,-0.046536,0.017701,-0.036307,0.01034,-0.034106,0.024371,-0.013453,0.011372,-0.037541,0.011018,-0.024988,-0.044081,-0.047772,-0.044769,-0.02322,0.012125,0.057334,0.018937,0.049458,0.021299,-0.041232,0.016812,-0.04222,0.034253,-0.042422,0.003237,0.05599,0.003262,-0.056868,-0.020509,0.040159,0.001093,-0.0373,0.056574,0.00525,0.044194,-0.000328,0.016097,-0.004999,-0.045752,0.003716,-0.066022
207.520926,451.400884,670.020522,1164.377957,1312.723303,-0.007618,0.038048,-0.020242,0.0371,-0.014911,0.043065,-0.013977,0.041263,-0.034947,-0.020762,0.002551,-0.02603,0.002908,-0.037865,-0.038547,-0.047426,-0.038794,-0.031846,0.006461,-0.065637,-0.017685,-0.052797,0.011342,0.036235,-0.021698,0.04046,-0.040143,-0.055069,-0.024456,-0.000781,-0.009909,-0.05874,0.005254,0.056909,0.022845,0.027143,0.006607,-0.002411,-0.067454,-0.0031,0.013373,0.020681,-0.017877,-0.017242,0.083969
146.312754,370.032109,675.261584,949.022197,1274.467702,-0.012659,0.039775,-0.025093,0.039315,-0.034504,0.025275,-0.02352,0.024432,-0.037723,-0.015111,-0.021522,-0.024005,-0.01963,-0.032617,-0.042943,-0.03755,-0.04098,-0.024742,0.003133,-0.06098,-0.024352,-0.049438,0.007295,0.05001,-0.013355,0.05108,-0.01877,-0.109624,-0.009335,0.018103,-0.005595,-0.007857,0.002643,0.030589,0.010976,0.008702,0.030792,-0.017453,0.050229,-0.003064,-0.053401,-0.014558,0.042789,0.027718,-0.057353
196.321026,244.736224,548.671455,968.710764,1326.82472,-0.005583,0.055046,-0.037716,0.053972,-0.010885,-0.02491,-0.037454,-0.028165,-0.013552,-0.007238,0.014298,9e-06,0.013489,-0.014138,0.06567,0.006947,0.060536,-0.024903,-0.023287,-0.044053,-0.019124,-0.036955,-0.040801,0.000639,-0.033233,0.008042,-0.047811,0.035157,-0.025141,-0.049094,-0.01636,0.050025,0.043643,-0.04547,-0.016821,0.023214,-0.033731,0.00492,0.015316,-0.006927,-0.029887,0.055017,0.009203,-0.080951,0.028044
117.846924,318.895356,508.211331,844.323677,1150.302456,0.001537,-0.033163,0.017398,-0.03288,0.003038,-0.052439,-0.027714,-0.051867,0.006185,0.017201,-0.023852,0.017579,-0.022748,0.032905,0.009951,0.065895,0.012688,0.0461,-0.002195,-0.058688,-0.050602,-0.052028,-0.002958,0.033282,-0.002273,0.034778,-0.015185,0.029571,-0.013867,0.044893,-0.010764,0.041405,0.028902,-0.066679,0.025521,-0.01935,-0.031535,-0.023771,0.053885,-0.008858,-0.039215,-0.006193,0.039781,0.032855,-0.064702
143.53906,301.325945,496.347432,1066.525386,1487.998859,0.003732,-0.052203,-0.004157,-0.051615,0.006315,-0.037315,-0.007106,-0.036526,0.008655,0.019676,0.0084,0.049862,0.008102,0.031878,-0.010431,0.050323,-0.008745,0.038065,-0.019175,0.044685,0.017735,0.040451,-0.02957,-0.057151,0.001246,-0.056785,-0.020188,0.043226,0.032016,-0.035497,0.015816,0.043431,-0.006519,-0.05812,-0.031905,0.050565,-0.050548,0.008866,-0.047389,7.4e-05,-0.01101,0.001768,0.046157,-0.010933,0.068468
225.046335,464.466601,662.975057,764.491802,1447.238241,0.009138,-0.042868,0.022185,-0.041627,0.017828,-0.045126,0.016739,-0.025595,0.024481,-0.020329,-0.002328,-0.027115,-0.001418,-0.036842,-0.039896,-0.045277,-0.036406,-0.034142,0.013956,0.027449,-0.007885,0.020934,0.023568,0.022147,-0.018323,-0.094843,0.038803,0.008307,-0.059319,-0.032154,-0.045769,0.014412,0.065243,-0.030154,-0.000349,-0.001874,0.064141,0.019668,-0.022427,0.006761,0.044809,-0.03474,-0.053616,0.034595,-0.001515
173.414255,269.775653,422.492039,830.575067,1146.736734,-0.006131,0.086682,-0.013394,0.025564,-0.010648,0.027462,-0.008288,0.026236,-0.02204,-0.008494,-0.080148,-0.020235,0.027551,-0.014409,0.039063,-0.01412,0.038184,-0.034034,-0.023123,0.008761,-0.02201,0.002566,-0.037424,-0.04117,-0.047523,-0.041297,-0.029545,0.022569,0.011505,-0.013077,-0.074337,0.029449,0.02452,-0.036138,0.026342,-0.043022,-0.051877,0.006211,-0.017506,-0.048124,-0.044366,0.012575,0.050307,0.02655,0.0251
169.257571,406.786726,700.256297,1187.486551,1357.334563,0.007058,-0.039472,0.024968,-0.038851,0.030434,-0.029817,0.022668,-0.028657,0.038313,0.010472,0.008477,0.02096,0.007166,0.03843,0.048941,0.036848,0.047161,0.022399,0.001128,-0.065646,-0.021138,-0.051768,0.005888,0.039345,-0.02082,0.042905,-0.033928,-0.070869,-0.017172,0.028658,-0.005913,-0.048959,-0.002833,0.054816,0.023465,-0.003071,0.060151,-0.000646,0.049705,0.002344,-0.021709,-0.018876,0.016375,0.016795,-0.07541
137.216222,364.925209,677.872241,985.1733,1199.975203,-0.008764,0.039359,-0.025895,0.038958,-0.035056,0.025426,-0.024518,0.024683,-0.037379,-0.01107,-0.016554,-0.01982,-0.014987,-0.034819,-0.047575,-0.033289,-0.045589,-0.028091,-8.8e-05,-0.062897,-0.027725,-0.050683,0.00529,0.045349,-0.021458,0.046785,-0.01292,-0.1098,-0.008422,0.018197,-0.004771,-0.009512,0.001984,0.031379,0.010699,0.001379,0.036378,-0.019412,0.044943,-0.006084,-0.051011,-0.006581,0.050078,0.027611,-0.060772
143.487126,237.641112,648.409412,902.01382,1063.014259,0.019303,-0.039043,0.025237,-0.038478,0.023001,-0.040383,0.001685,-0.0381,0.02566,-0.028731,0.004811,-0.009605,0.004859,-0.033489,-0.038851,-0.058353,-0.038933,-0.033018,0.021095,0.067524,0.010226,0.052068,0.018812,-0.030245,-0.002235,-0.049028,0.02831,-0.054188,0.011193,0.017437,0.00926,-0.036306,-0.043938,0.072795,0.016915,-0.000773,0.003626,0.009657,0.083369,0.003804,-0.005357,-0.002402,-0.030837,0.031187,-0.039105
202.384056,433.461782,696.90604,1102.275774,1602.205225,-0.007871,0.038561,-0.020811,0.037644,-0.014596,0.044909,-0.016471,0.043154,-0.020144,0.023858,-0.008495,0.024142,-0.008287,0.041445,0.038884,0.036452,0.039345,0.040853,-0.000687,0.065888,0.029311,0.051941,-0.002119,-0.035537,0.032602,-0.03843,0.011171,0.038534,0.021276,-0.039578,0.009767,0.044199,-0.003676,-0.063936,-0.029021,0.053624,0.062867,0.004393,0.03846,0.000472,0.014535,-0.005059,-0.029107,0.006766,-0.078119
155.746895,302.84071,602.766335,1043.377223,1517.292231,0.003179,-0.054466,-0.005122,-0.053719,0.008773,-0.034608,-0.007784,-0.032423,0.011486,-0.014208,-0.00359,-0.047674,-0.003449,-0.037075,0.003633,-0.048778,-0.000293,-0.042809,-0.00844,0.047295,0.017422,0.040497,-0.019934,-0.062989,-0.00433,-0.060013,-5.2e-05,0.027578,0.019171,-0.038694,0.006363,0.043144,0.032843,-0.039213,-0.058367,0.044844,0.081585,0.006715,0.01451,0.00423,0.020479,-0.02698,-0.040292,0.030039,-0.04416
216.4095,400.486427,722.723553,1056.04018,1270.861161,-0.007782,0.041097,-0.02062,0.039644,-0.015203,0.045947,-0.001695,0.040959,-0.0214,-0.019197,0.008986,-0.020794,0.008594,-0.035759,-0.032139,-0.057901,-0.035059,-0.037424,0.004799,0.069138,0.025579,0.048708,0.006738,-0.036396,0.01012,-0.04853,0.024973,-0.03462,0.0002,0.026719,0.004914,-0.044194,-0.045894,0.057498,0.048655,-0.030614,0.025056,0.002031,0.066212,0.000557,0.015758,-0.002715,-0.054339,0.030577,-0.043424
223.518597,444.547424,476.619876,968.757281,1047.748969,-0.008929,0.057174,-0.018955,0.037742,-0.017435,0.037317,-0.013746,0.03127,-0.026106,0.016197,0.080611,0.028586,-0.006986,0.029498,-0.004974,0.034428,-0.005686,0.037178,-0.013333,0.059714,-0.012721,-0.003638,-0.024122,-0.05318,-0.030586,-0.053454,-0.012703,-0.013266,-0.025439,0.025822,0.081546,-0.019365,-0.032642,0.028781,-0.023685,0.013467,0.025735,-0.017756,-0.031023,0.026614,0.033977,0.0382,-0.038331,-0.069937,0.041797
162.235479,314.449716,467.700962,789.475462,978.209961,-0.023435,0.048145,-0.020369,0.040872,-0.028207,0.027581,-0.018183,0.026418,-0.031446,0.02778,0.038143,0.031155,0.016896,0.031848,0.028734,0.039121,0.027652,0.02947,0.000299,-0.088991,-0.00596,-0.006205,0.000421,0.051694,0.004209,0.051998,-0.010559,-0.021056,-0.046069,0.031669,0.075108,-0.018555,-0.030223,0.024747,-0.024324,3e-05,0.05758,-0.019027,-0.04354,0.041903,0.0382,-0.001213,-0.048274,-0.02314,0.024087
181.454527,279.863334,422.650391,734.455001,1090.399176,0.018197,-0.04839,0.026065,-0.047281,0.024961,-0.023561,0.023579,-0.015497,0.028849,-0.003194,0.015201,-0.027969,0.014955,-0.004087,-0.064586,-0.03523,-0.061839,0.000832,0.030462,0.051569,0.014891,0.045867,0.038169,-0.009892,0.020626,-0.023124,0.041184,-0.031384,0.020517,0.042316,0.016918,-0.032993,-0.061133,0.039641,0.041946,-0.022154,0.049806,-0.006037,-0.03757,0.002494,0.03116,-0.037927,-0.020493,0.075624,-0.008069
143.758231,295.650685,490.917916,1051.62399,1147.649376,0.002762,-0.050502,-0.00222,-0.049815,0.005483,-0.039125,-0.004553,-0.03832,0.016171,-0.011659,-0.01741,-0.049501,-0.016648,-0.022188,0.015299,-0.050024,0.013933,-0.048787,-0.018474,0.047734,-0.000573,0.042321,-0.033528,-0.054914,-0.011982,-0.056256,-0.000611,0.03064,0.022714,-0.050501,0.008497,0.04137,0.005722,-0.042973,-0.01994,0.072552,-0.046937,-0.014995,-0.019403,-0.006078,-0.049461,0.014869,0.028655,0.013637,0.081136
214.486472,464.738854,663.05575,848.45101,1308.10633,-0.00827,0.040818,-0.020958,0.039137,-0.016167,0.043838,-0.016377,0.033752,-0.031144,-0.020922,-0.001104,-0.028364,8.6e-05,-0.037904,-0.038847,-0.044584,-0.038299,-0.031484,-0.000304,0.066669,0.01339,0.046421,-0.00095,-0.026372,0.011014,-0.061049,0.040528,-0.019946,0.018176,0.032488,0.013723,-0.031117,-0.059872,0.038375,0.062562,-0.027264,0.056878,0.031388,0.009954,0.001112,0.047826,-0.029348,-0.041796,0.012164,-0.055871
131.107987,355.996978,664.678447,1010.551973,1372.149802,-0.003408,0.04001,-0.025825,0.039639,-0.036043,0.024767,-0.02459,0.022986,-0.038154,-0.003925,-0.023387,-0.024885,-0.021517,-0.033323,-0.043176,-0.03748,-0.038019,-0.027537,0.000302,-0.059511,-0.025425,-0.048675,0.007758,0.051395,-0.012725,0.052953,-0.01329,-0.010801,-0.011449,0.040036,-0.003226,-0.0422,-0.037186,0.045791,0.061508,-0.041734,0.110351,0.002822,0.005929,0.002014,0.003162,-0.011565,-0.018899,0.012827,-0.024387
162.727098,326.489536,476.567646,998.18852,1436.91968,-0.003425,0.053327,0.004775,0.052561,-0.006789,0.035843,0.007724,0.034832,-0.011825,-0.016567,-0.001149,-0.049955,-0.001098,-0.031349,0.001069,-0.05131,-0.000945,-0.04258,-0.003837,0.050367,0.004293,0.045908,-0.007081,-0.061379,-0.007518,-0.061737,0.013275,0.043744,0.01073,-0.050979,0.004863,0.060115,0.012353,-0.038295,-0.008435,0.041249,-0.047243,-0.001907,-0.039326,-0.001604,-0.02628,0.009822,0.035985,-0.002496,0.082049
154.544357,438.920926,597.347843,956.368192,1121.785263,-0.003954,0.032871,-0.019978,0.032069,-0.007797,0.048036,-0.017235,0.047054,-0.035616,-0.022441,0.009802,-0.024551,0.009219,-0.041192,-0.03804,-0.038155,-0.038736,-0.041189,0.009425,-0.068971,-0.014215,-0.050432,0.016689,0.026141,-0.02384,0.030969,-0.052091,-0.015711,-0.022836,-0.045558,-0.008876,-0.018142,0.017387,-0.031512,0.007224,0.103076,0.049445,0.03335,-0.021974,0.00334,0.057649,-0.006452,-0.06191,-0.02803,0.008793
205.075656,416.317295,510.688272,994.752419,1059.824146,0.017939,-0.049207,0.022338,-0.038947,0.025547,-0.031378,0.018681,-0.027986,0.030877,0.026697,0.031167,0.025109,0.004097,0.035298,0.037575,0.039704,0.034503,0.030704,-0.002417,-0.096177,-0.007687,-0.002839,-0.002926,0.045173,0.001579,0.046894,-0.014506,-0.013846,-0.035081,0.024588,0.082113,-0.012886,-0.029446,0.028519,-0.021778,0.01189,0.050358,-0.018689,-0.041109,0.031608,0.039838,0.018282,-0.049507,-0.043293,0.029017
167.460791,267.467413,399.96424,817.435811,1116.079954,-0.003857,0.093032,-0.010501,0.023953,-0.007606,0.026283,-0.00224,0.025177,-0.010503,0.005862,0.073385,0.019518,-0.031897,0.011288,-0.047568,0.003911,-0.046438,0.017462,-0.020414,0.002634,-0.025347,0.008044,-0.037993,-0.028152,-0.054909,-0.029383,-0.040814,0.011156,0.010211,-0.03359,-0.07888,0.01849,0.033087,-0.032048,0.031775,0.00279,-0.041187,0.00632,-0.00652,-0.03286,-0.046182,-0.003017,0.081832,0.019202,-0.032153
153.482113,386.065967,493.968473,1019.646227,1374.854865,0.003655,-0.037766,0.016857,-0.03724,0.008132,-0.048614,0.014212,-0.047616,0.013891,0.018915,0.003941,0.037431,0.003411,0.039371,0.021056,0.044954,0.022048,0.045336,-0.010477,0.059338,0.029355,0.053122,-0.021825,-0.041646,0.027517,-0.042788,-0.013156,0.021844,0.03074,-0.037433,0.016916,0.03231,-0.012376,-0.055138,-0.032928,0.079055,-0.061028,-0.009735,-0.019319,-0.002013,-0.04054,0.003013,0.033955,0.007605,0.076286
106.704278,375.858771,685.002769,926.990023,1331.865813,-0.033678,0.03592,-0.025487,0.035701,-0.036064,0.020381,-0.024782,0.019358,-0.037345,0.028152,0.019807,0.013218,0.017854,0.027187,0.053801,0.02857,0.046328,0.017265,0.014846,0.065919,0.007708,0.052542,0.010561,-0.038803,0.001906,-0.054165,0.02554,-0.058122,0.007628,0.048505,0.006426,-0.030648,-0.02896,0.059482,0.029439,-0.006834,0.0656,0.00904,0.013525,0.008213,-0.006229,-0.049938,-0.011747,0.054937,-0.055021
163.300844,292.066806,576.868638,1196.590355,1416.754412,-0.004078,0.052402,-0.00256,0.051489,-0.014066,0.035281,0.000307,0.034205,-0.019553,0.011266,0.011583,0.046338,0.010968,0.036608,0.004289,0.048981,0.005223,0.042878,-0.008074,0.048889,0.016476,0.041362,-0.023514,-0.060799,-0.0018,-0.060093,0.00773,0.041827,0.029646,-0.045017,0.005852,0.053047,0.008235,-0.047899,-0.028638,0.039245,-0.062612,0.002192,-0.03954,-0.001976,-0.014693,0.011379,0.027843,-0.006432,0.076986
156.184763,378.770548,717.418048,980.088828,1341.781159,-0.022709,0.038687,-0.025378,0.038176,-0.033464,0.025419,-0.022718,0.024471,-0.036421,-0.023981,-0.014342,-0.0154,-0.012788,-0.030306,-0.049554,-0.037532,-0.047413,-0.022483,-0.009227,-0.067094,-0.018015,-0.052335,-0.005194,0.04297,-0.009947,0.0472,-0.023127,-0.092931,-0.003975,0.031006,-0.001823,-0.020581,-0.005307,0.052002,0.009671,0.006414,0.046484,-0.004497,0.055858,0.00108,-0.04273,-0.015541,0.020498,0.021082,-0.065592
183.268617,363.977284,636.710519,724.64768,1349.043557,0.007387,-0.044652,0.020138,-0.043822,0.024263,-0.036488,0.017038,-0.026983,0.029999,0.012242,0.018334,0.034463,0.016832,0.036472,0.030932,0.044566,0.026304,0.034486,0.004406,-0.056761,-0.021967,-0.047404,0.012528,0.053721,-0.007008,0.057292,-0.01471,-0.012443,-0.000988,0.028582,0.001352,-0.030279,-0.052348,0.032561,0.077278,-0.034589,0.091126,0.015616,-0.006565,0.006424,0.028453,-0.026368,-0.039198,0.020844,-0.024958
161.515773,324.700726,534.386516,1127.640799,1298.002572,-0.003443,0.052339,0.003668,0.051594,-0.006823,0.036965,0.007135,0.035962,-0.014255,0.015697,0.008866,0.048659,0.008476,0.029712,-0.007983,0.049832,-0.006163,0.047143,-0.013169,0.049219,0.006889,0.043739,-0.023622,-0.059021,-0.010907,-0.059735,0.008435,0.049065,0.021843,-0.043694,0.008571,0.058756,0.006396,-0.045603,-0.022569,0.029594,-0.03254,-0.000556,-0.048682,-0.001745,-0.023021,0.013356,0.031501,-0.00317,0.086326
138.876876,314.550607,726.319264,958.224355,1311.379466,-0.026744,0.038034,-0.025591,0.03755,-0.033382,0.025904,-0.020505,0.025162,-0.035705,-0.025017,-0.012805,-0.007937,-0.011596,-0.02861,-0.048936,-0.045185,-0.047518,-0.02346,-0.009455,-0.069956,-0.024873,-0.050711,-0.004358,0.040454,-0.007027,0.044961,-0.020534,-0.086125,-0.006093,0.015376,-0.002135,-0.023119,-0.010062,0.064613,0.005451,0.012423,-0.001097,-0.008226,0.081242,-0.000608,-0.014825,-0.000724,-0.015815,0.026255,-0.055883
44.834769,348.848076,552.88653,895.44996,1439.289612,-0.037378,0.034344,-0.025448,0.034277,-0.037798,0.017408,-0.025335,0.017338,-0.038014,-0.023914,-0.021312,-0.016338,-0.018071,-0.021807,-0.05361,-0.029954,-0.051069,-0.012572,0.022007,0.068607,-0.000544,0.052045,0.017238,-0.041269,-0.003077,-0.045437,0.024516,-0.064768,0.012612,0.054501,0.006064,-0.03219,-0.017377,0.056015,-0.002157,0.000435,-0.060335,-0.010191,-0.047593,0.001769,0.024177,0.014752,0.010139,-0.008912,0.076042
195.458521,427.633559,664.611631,1103.43544,1341.453071,-0.012649,0.038106,-0.021684,0.037277,-0.019399,0.038831,-0.018088,0.037246,-0.037502,0.028188,2e-06,0.023957,-0.000619,0.040088,0.043721,0.03855,0.043065,0.023013,-0.007244,0.064907,0.019806,0.052343,-0.009744,-0.033903,0.024379,-0.037917,0.042601,-0.064525,-0.025238,0.019319,-0.01192,-0.051197,0.008403,0.054035,0.027938,0.01902,0.006772,0.007449,0.060318,0.004678,-0.004144,-0.024864,0.014818,0.011988,-0.093704
199.961301,370.229859,715.172442,941.170477,1151.099123,-0.008791,0.039854,-0.021517,0.038928,-0.015136,0.046702,-0.00126,0.040899,-0.022531,-0.021598,0.008675,-0.01851,0.008436,-0.035592,-0.031851,-0.058747,-0.035132,-0.037503,-0.004763,-0.065866,-0.022827,-0.051047,-0.005754,0.031467,-0.008964,0.053251,-0.030415,-0.034704,0.006208,0.021493,0.007125,-0.041059,-0.052673,0.056426,0.051641,-0.021756,0.029723,0.008129,0.060922,0.004384,0.020457,-0.011991,-0.048418,0.035376,-0.04829
227.519846,446.444054,722.144695,839.745506,1432.10502,0.009265,-0.042514,0.021483,-0.04126,0.018068,-0.043797,0.012944,-0.031792,0.024932,0.019671,-0.000541,0.025151,-0.001073,0.035942,0.037794,0.049564,0.038485,0.034259,0.007618,0.06046,0.014521,0.046321,0.011716,-0.021888,0.002395,-0.07037,0.032192,-0.018687,0.025498,0.032725,0.020448,-0.029428,-0.064349,0.039461,0.053847,-0.024098,-0.060986,-0.015257,-0.013276,-0.005229,-0.039378,0.025547,0.063242,-0.032505,0.02564
141.73909,295.038086,615.16489,987.557372,1391.26204,-0.026168,0.041227,-0.02176,0.040781,-0.032293,0.025235,-0.02023,0.024451,-0.034716,-0.024882,-0.029984,-0.030951,-0.028497,-0.028499,-0.031396,-0.038666,-0.030273,-0.025406,0.011625,-0.052305,-0.02415,-0.0445,0.010923,0.058332,-0.007001,0.057277,-0.010923,-0.082679,-0.021447,0.038868,-0.01181,-0.027582,0.000941,0.049917,0.021561,-0.006412,0.057301,-0.012324,0.04646,0.000228,-0.033839,-0.014996,0.004875,0.020539,-0.074711
89.802736,376.39553,697.548018,991.591375,1338.771418,-0.001605,0.03819,-0.027261,0.037944,-0.039462,0.021044,-0.026745,0.020164,-0.040419,0.002104,0.023173,0.018973,0.019971,0.03246,0.049792,0.034101,0.04188,0.024183,0.000949,0.06721,0.021526,0.046662,-0.001093,-0.045438,0.011359,-0.05336,0.020174,-0.00561,-0.004853,0.040392,0.003059,-0.040214,-0.044042,0.046768,0.061418,-0.036205,0.113211,0.002649,0.003769,0.001027,0.002182,-0.007642,-0.016261,0.008741,-0.019322
213.954868,417.574594,558.332874,1016.964223,1066.221305,-0.007968,0.044975,-0.020376,0.038526,-0.015578,0.042108,-0.014136,0.040133,-0.021704,-0.017831,0.019546,-0.025524,0.013983,-0.032923,-0.045891,-0.041307,-0.046616,-0.030997,-0.010006,-0.089514,-0.020049,-0.023361,-0.017166,0.03029,-0.022471,0.03237,-0.027388,-0.03719,-0.007913,0.048198,0.012432,-0.050667,-0.010256,0.061807,0.007797,-0.045097,0.008014,-0.060504,-0.00576,0.083259,0.010096,-0.015451,0.004288,-0.02064,0.023652
156.786162,371.945364,659.959402,1003.804527,1294.499999,-0.024198,0.03762,-0.024178,0.03711,-0.028725,0.029602,-0.022253,0.028105,-0.03843,-0.033848,-0.009467,-0.017063,-0.008295,-0.037406,-0.049711,-0.030146,-0.046893,-0.013656,-0.009135,0.063271,0.022278,0.051222,-0.009077,-0.033987,0.025768,-0.039262,0.042193,-0.066716,-0.025271,0.026492,-0.013848,-0.039687,0.004965,0.056168,0.037511,0.013718,0.018457,0.010475,0.052202,0.007095,-0.002048,-0.037234,0.009158,0.02477,-0.090791
210.310443,383.454714,631.614642,1212.246653,1596.605943,0.007015,-0.049931,0.006902,-0.048718,0.013765,-0.038239,0.002075,-0.03641,0.019464,0.018956,0.0107,0.044233,0.00982,0.035254,0.010059,0.050091,0.011404,0.040307,0.008663,-0.053473,-0.018873,-0.045045,0.01529,0.058771,0.000316,0.058691,-0.00524,-0.045789,-0.023151,0.046237,-0.006732,-0.050421,-0.009948,0.048449,0.027627,-0.042028,0.053224,-0.003029,0.044962,0.001551,0.015272,-0.007391,-0.042054,0.009807,-0.071013
153.822108,350.688604,462.815747,1021.133359,1480.489897,0.005726,-0.040713,0.014426,-0.040155,0.009296,-0.046642,0.011761,-0.045641,0.012964,-0.023991,-0.01055,-0.041337,-0.00978,-0.036908,-0.014377,-0.046951,-0.015206,-0.040573,0.017066,-0.054731,-0.027463,-0.049814,0.025863,0.045982,-0.023271,0.046511,0.020022,-0.037516,-0.034447,0.034897,-0.018958,-0.037936,0.014443,0.057782,0.035741,-0.057297,0.066197,-0.00065,0.029354,0.000349,0.016563,-0.002492,-0.027643,0.003583,-0.083138
188.716695,406.547589,603.014132,1001.829652,1192.833904,-0.006086,0.036304,-0.020295,0.03551,-0.011946,0.045554,-0.011087,0.04408,-0.035785,0.017816,-0.012342,0.02428,-0.011851,0.03305,0.040551,0.052662,0.041426,0.030588,-0.002466,0.064518,0.009394,0.053661,-0.004512,-0.031208,0.026049,-0.035445,0.049266,-0.050048,-0.021559,-0.012035,-0.011563,-0.063555,0.005854,0.052288,0.014978,0.031997,0.017567,-0.009281,-0.077547,-0.004745,0.025594,0.015748,-0.014322,-0.010506,0.063009
197.624112,405.400168,560.395516,722.790365,1249.735024,-0.006534,0.040986,-0.02273,0.040044,-0.012799,0.051815,-0.011147,0.028283,-0.01793,0.01737,-0.009354,0.022792,-0.009005,0.032249,0.031152,0.055185,0.049631,0.031922,0.017823,0.014277,-0.003692,0.011173,0.031481,0.039037,-0.014333,-0.088239,0.04144,0.00408,-0.063724,-0.029108,-0.050153,0.007705,0.057167,-0.032246,0.01225,-0.006996,-0.047398,-0.015491,-0.016871,-0.007145,-0.043071,0.022483,0.077997,-0.033624,-0.001042
125.14622,361.897566,553.905225,1006.295258,1106.518549,-0.005882,0.039405,-0.02734,0.039076,-0.037097,0.021514,-0.026299,0.020908,-0.039107,0.004145,-0.002306,0.021498,-0.002788,0.018956,0.061623,0.035119,0.06011,0.009716,0.009724,0.06357,0.003237,0.054744,0.033837,-0.024214,0.010666,-0.029193,0.038261,-0.080977,0.013659,0.043776,0.008547,-0.036219,-0.017218,0.044907,-0.003284,-0.007656,0.082831,0.0105,0.042329,0.006163,-0.045706,-0.017246,0.026038,-0.000231,-0.03559
92.770177,371.970904,619.598154,949.962909,1168.775789,-0.034227,0.035991,-0.025423,0.035168,-0.036672,0.019523,-0.024902,0.018945,-0.037655,-0.030058,-0.032254,-0.012911,-0.019192,-0.027961,-0.048904,-0.027771,-0.043055,-0.018189,0.00404,0.09233,0.013313,0.020091,0.00223,-0.043088,0.004304,-0.047811,0.017634,-0.074722,-0.010336,0.041923,0.012237,-0.022168,-0.016107,0.058722,0.021264,0.00481,0.028741,-0.055956,0.005185,0.083674,-0.003855,-0.015622,-0.001946,-0.030906,0.007356
217.251141,467.683761,579.121744,753.41555,1439.423448,0.00841,-0.042842,0.022928,-0.041676,0.016425,-0.048053,0.018359,-0.019716,0.022547,-0.02096,-0.00275,-0.027134,-0.001756,-0.037946,-0.041454,-0.043682,-0.03248,-0.035457,0.013551,0.009296,-0.013553,0.00693,0.024,0.033552,-0.02338,-0.096718,0.036177,0.00442,-0.064734,-0.028578,-0.049806,0.008183,0.05838,-0.024529,0.020962,-0.011056,0.063379,0.019971,-0.027818,0.006778,0.045763,-0.033807,-0.052719,0.032484,0.003601
89.307286,310.253698,643.378896,962.252412,1392.804614,0.00245,-0.030447,0.021319,-0.030295,0.004215,-0.053107,0.02014,-0.052775,0.00528,-0.030051,0.021685,-0.018818,0.0209,-0.048658,-0.031022,-0.023539,-0.031948,-0.050787,0.000864,-0.061492,-0.03424,-0.049954,0.002731,0.020589,-0.0525,0.023286,-0.001586,-0.040617,-0.033938,0.025841,-0.020723,-0.034572,0.020398,0.067171,0.037143,-0.049855,0.084111,-0.002495,0.026086,-0.000379,-0.004831,0.000114,-0.007901,0.00847,-0.076947
232.464794,467.462672,719.154099,1236.163427,1505.752237,-0.009884,0.041275,-0.020443,0.040017,-0.019265,0.039533,-0.015086,0.037241,-0.030744,-0.020422,-0.001684,-0.027835,-0.00084,-0.036953,-0.039358,-0.044692,-0.039101,-0.03204,0.001477,-0.066268,-0.020783,-0.051611,0.003186,0.042171,-0.017279,0.045745,-0.028123,-0.051142,-0.014837,0.040574,-0.003506,-0.053592,-0.010224,0.05804,0.025287,-0.025685,0.040195,0.008432,0.050095,0.002672,0.015365,-0.016016,-0.020516,0.009404,-0.086734
228.365651,341.408624,560.890852,1018.267448,1385.080517,-0.009732,0.046472,-0.023323,0.043247,-0.018973,0.033736,-0.018447,0.031481,-0.029008,0.006069,-0.028184,0.027869,-0.025616,0.011337,0.059597,0.036733,0.059873,0.004391,-0.019851,-0.05928,-0.018564,-0.038658,-0.034513,0.013949,-0.029334,0.01664,-0.045451,0.042144,-0.025843,-0.052649,-0.001279,0.05721,0.019823,-0.046971,0.003667,0.025416,-0.017503,-0.079807,-0.009526,0.066677,-0.01186,-0.008387,0.023074,-0.001647,0.027726
160.718358,362.80228,679.101715,1047.360834,1409.839606,0.004975,-0.039454,0.025229,-0.038888,0.028321,-0.032903,0.023018,-0.031832,0.032824,0.007985,0.000604,0.017834,4.6e-05,0.040449,0.050688,0.029772,0.04952,0.033677,0.001738,0.066607,0.024095,0.053193,0.003007,-0.035712,0.027405,-0.039247,0.021087,0.020391,0.013268,-0.047347,0.006569,0.049361,-0.00011,-0.064458,-0.022989,0.05524,-0.097919,-0.003508,-0.020143,-0.000981,-0.006684,0.003834,0.01483,-0.002149,0.054257
212.573947,440.136229,540.339432,1001.677513,1120.326432,-0.007861,0.045947,-0.02,0.037857,-0.015375,0.04208,-0.015281,0.040126,-0.021423,0.020631,-0.012653,0.025498,-0.008998,0.037806,0.042283,0.038901,0.042785,0.036201,-0.006268,-0.097055,-0.020425,-0.014201,-0.010687,0.032185,-0.020039,0.033861,-0.020271,-0.020779,-0.040874,0.035355,0.066579,-0.029268,-0.018447,0.048213,-0.009415,-0.01788,0.031475,-0.028418,-0.032547,0.056563,0.038373,-0.008345,-0.041955,-0.0301,0.050562
189.269777,304.523569,414.103264,934.868108,1251.108319,0.005572,-0.08819,0.013671,-0.027479,0.013617,-0.025266,0.006591,-0.023792,0.01753,-0.00917,-0.078166,-0.022731,0.031322,-0.021619,0.036556,-0.013559,0.035314,-0.028942,0.015323,-0.011929,0.019716,0.000395,0.034692,0.042799,0.050463,0.042758,0.032046,-0.005325,-0.011327,0.026445,0.083509,-0.010563,-0.034324,0.022595,-0.034875,0.014555,0.051436,-0.006552,-0.025404,0.024686,0.051175,0.011267,-0.066101,-0.025819,0.028515
172.992558,344.968874,602.504076,1205.119478,1538.610899,0.003885,-0.05349,-0.004559,-0.052623,0.007689,-0.035693,-0.008551,-0.034552,0.011062,-0.018643,-0.003945,-0.047641,-0.003754,-0.035126,0.004047,-0.049138,0.001892,-0.04273,-0.010522,0.04873,0.017539,0.041933,-0.018638,-0.060934,-0.00765,-0.060434,-0.000313,0.045142,0.025549,-0.046262,0.007812,0.050188,0.0092,-0.046366,-0.028277,0.043633,-0.047242,0.006798,-0.048445,-0.000483,-0.01691,0.002151,0.051926,-0.009401,0.063422
101.222444,318.221124,625.39534,1169.986729,1352.378032,-0.002036,0.039365,-0.026204,0.039062,-0.038472,0.021813,-0.025517,0.021419,-0.039701,-0.002139,-0.030606,-0.028563,-0.028074,-0.029518,-0.037218,-0.038548,-0.035611,-0.024861,0.000167,-0.057844,-0.022309,-0.045096,0.008685,0.056526,-0.006491,0.056306,-0.012229,-0.020098,-0.025235,0.052266,-0.002239,-0.055598,-0.011804,0.049853,0.024855,-0.044572,0.11134,-0.004469,0.014514,0.001034,-0.00805,-0.003469,-0.009417,0.005264,-0.028724
215.432968,441.801855,731.655651,1241.334854,1563.474111,-0.00891,0.042149,-0.022966,0.040728,-0.026476,0.033551,-0.018811,0.031608,-0.032539,-0.01359,-0.00814,-0.024948,-0.006266,-0.036301,-0.043319,-0.042213,-0.042015,-0.030703,-0.001225,-0.068992,-0.02146,-0.048416,-0.000997,0.044254,-0.014762,0.047447,-0.022117,-0.045799,-0.014735,0.045728,0.00032,-0.05096,-0.01363,0.057295,0.023953,-0.034965,0.078134,0.001215,0.040098,0.002025,-0.002546,-0.011403,-0.018552,0.012907,-0.065394
114.070026,156.098517,412.519058,685.00952,1171.694879,0.001628,-0.051186,0.037399,-0.050846,0.006401,0.038635,0.037744,0.038945,0.007154,0.003921,-0.023152,0.010661,-0.022693,0.015508,-0.058225,0.006152,-0.057326,0.024354,-0.014459,-0.03835,-0.011723,-0.034578,-0.050333,-0.001583,-0.025731,2.3e-05,-0.05641,0.016373,-0.030685,-0.05244,-0.023373,0.049823,0.018683,-0.05785,0.014593,0.033849,0.049759,0.007783,0.032336,0.002635,0.039345,-0.004445,-0.027214,-0.001734,-0.083456
91.277411,385.095699,434.311174,946.67868,1165.534815,-0.001328,0.028105,-0.017903,0.027958,-0.002636,0.048269,-0.017083,0.047946,-0.051124,-0.009253,-0.03317,-0.039236,-0.030596,-0.016996,-0.013795,-0.049291,-0.013076,-0.046807,0.019879,-0.056705,0.009994,-0.052073,0.036727,0.040956,0.012441,0.044165,-0.019299,0.04936,0.025809,-0.005304,0.016385,0.067313,-0.021486,-0.035703,-0.02706,-0.035648,-0.012094,0.001894,0.063744,0.00332,-0.018848,-0.026158,0.02,0.004626,-0.086114
204.214488,382.279594,588.146706,699.783976,1201.9023,0.006923,-0.043531,0.019047,-0.042487,0.013558,-0.047589,0.005421,-0.03276,0.02027,-0.016419,0.009335,-0.02871,0.00903,-0.030659,-0.031483,-0.057375,-0.042275,-0.031551,0.010925,0.056387,0.016929,0.047645,0.018544,-0.02393,0.00408,-0.064452,0.036788,-0.016912,0.025251,0.029035,0.021928,-0.028701,-0.068889,0.030312,0.055596,-0.026221,0.011061,-0.002228,0.075361,-0.002918,0.003803,0.020532,-0.050652,-0.007207,-0.045016
115.482846,342.285488,420.065128,739.673541,1362.965738,-0.001876,0.037461,-0.02583,0.037081,-0.004488,0.064772,-0.023667,-0.020266,-0.005892,0.013901,-0.017886,0.001327,-0.016889,0.031854,0.021894,-0.013105,-0.091274,0.041449,0.016126,6e-05,0.02264,-0.000582,0.035449,0.038226,0.05129,0.041796,0.033242,0.000659,-0.068454,-0.028153,-0.049547,0.002804,0.051631,-0.01973,0.030744,-0.016228,-0.062047,-0.015192,-0.015207,-0.002595,-0.041257,0.014465,0.069367,-0.024185,0.01944
210.789088,401.97405,595.303773,768.398642,1240.94257,0.01426,-0.043974,0.022219,-0.042887,0.022157,-0.037623,0.018123,-0.025902,0.027893,-0.020978,-0.00095,-0.029159,-0.000283,-0.030558,-0.047124,-0.042825,-0.042872,-0.026077,0.016129,0.058563,0.007163,0.049369,0.021394,-0.028613,0.003486,-0.060321,0.035163,-0.023018,0.022756,0.036314,0.019205,-0.028728,-0.062962,0.038829,0.053459,-0.022815,0.057893,0.005741,-0.038271,0.006079,0.039157,-0.038928,-0.034643,0.056206,-0.001056
150.877408,355.59576,604.117336,926.083617,1212.564746,-0.01661,0.035626,-0.022945,0.035162,-0.020698,0.036991,-0.020949,0.035391,-0.04258,-0.037863,0.005216,-0.018399,0.005374,-0.044357,-0.048655,-0.028242,-0.047439,-0.005979,-0.007444,0.061901,0.019218,0.051594,-0.008092,-0.019364,0.031289,-0.027407,0.055278,-0.061661,-0.029367,0.020533,-0.018509,-0.044889,0.014122,0.050232,0.039932,0.022763,0.004625,0.015959,0.054406,0.01,-0.003766,-0.043644,0.019555,0.024173,-0.085347
62.35424,373.852508,739.412838,906.335233,1345.202648,-0.036157,0.034603,-0.025491,0.034531,-0.037621,0.018062,-0.025268,0.017885,-0.038045,0.030493,0.023646,0.011219,0.021477,0.025826,0.051499,0.026667,0.047372,0.015319,-0.00538,-0.066627,-0.019732,-0.051156,-0.000358,0.044348,-0.012174,0.04932,-0.021061,-0.09219,-0.007406,0.033992,-0.004537,-0.009539,-0.000364,0.051265,0.017296,0.013116,0.044216,-0.006034,0.045341,0.002217,-0.044479,-0.02656,0.02993,0.033918,-0.065967
169.41651,302.741429,721.594556,1055.578464,1256.555606,0.004989,-0.039731,0.024007,-0.039039,0.020915,-0.042409,0.003558,-0.041213,0.024726,0.00953,-0.006932,0.014112,-0.006881,0.037994,0.0365,0.058472,0.036804,0.038162,-0.002197,-0.067547,-0.028491,-0.051492,-0.002913,0.038688,-0.017819,0.042246,-0.019537,-0.034096,-0.009632,-0.023398,-0.002805,-0.048958,-0.018729,0.087801,-0.000519,-0.013446,0.006659,0.011733,-0.078091,0.002961,0.026369,0.000175,-0.005994,-0.029825,0.058151
104.005361,294.242443,589.413406,941.856194,1465.267515,-0.033605,0.037175,-0.024264,0.03696,-0.035594,0.020634,-0.023528,0.020239,-0.036821,-0.024563,-0.032598,-0.025726,-0.030967,-0.024592,-0.037461,-0.034865,-0.035884,-0.019903,0.003644,-0.055579,-0.018577,-0.04782,0.003538,0.057025,-0.003716,0.057171,-0.015099,-0.067337,-0.015592,0.050548,-0.00877,-0.037513,-0.00563,0.053494,0.01552,-0.012209,0.053738,-0.00419,0.049129,0.001599,-0.014165,-0.012499,-0.021566,0.01298,-0.078745
151.964019,401.964953,656.909087,996.341117,1262.701206,0.003617,-0.033821,0.020851,-0.033347,0.00793,-0.050392,0.017041,-0.049418,0.014945,-0.021275,0.016359,-0.021858,0.015514,-0.043721,-0.034958,-0.03451,-0.036126,-0.048396,0.002976,-0.064681,-0.028887,-0.052266,0.00656,0.028447,-0.042961,0.031565,-0.012944,-0.020267,-0.022971,0.033342,-0.013161,-0.030261,0.010322,0.06711,0.028674,-0.082482,0.051283,0.015127,0.029819,0.004754,0.043051,-0.003887,-0.036552,-0.007596,-0.072983
164.080042,390.709644,619.821154,1068.55078,1287.716321,0.006024,-0.037068,0.023197,-0.036501,0.021801,-0.03681,0.020799,-0.035706,0.041703,0.013708,-0.006132,0.022865,-0.006267,0.04404,0.04963,0.035378,0.049058,0.014107,-0.00189,0.064352,0.01803,0.053271,-0.006595,-0.026476,0.027398,-0.030901,0.050021,-0.052476,-0.02345,0.017828,-0.012009,-0.064193,0.010336,0.050264,0.025864,0.023921,0.014195,0.009973,0.061497,0.005642,-0.010835,-0.025812,0.02007,0.008498,-0.08859
142.18565,343.375819,638.398433,855.847184,1140.539227,-0.007361,0.034933,-0.022193,0.034286,-0.011335,0.04837,-0.020049,0.045156,-0.018504,0.031325,-0.014066,0.01842,-0.013373,0.045491,0.038508,0.025177,0.03984,0.045279,-0.000621,-0.069043,-0.025703,-0.049676,0.000204,0.021814,-0.033833,0.040753,-0.023741,-0.026017,-0.007053,0.04035,-0.001548,-0.027514,-0.022542,0.05882,0.060088,-0.054694,0.057433,0.01052,0.017539,5.9e-05,0.029967,0.008971,-0.006588,-0.021667,-0.097482
66.657211,366.812389,674.55652,1140.617914,1331.050677,0.000884,-0.037663,0.027552,-0.037427,0.040387,-0.019944,0.027277,-0.019777,0.040909,0.001419,0.018851,0.014037,0.014175,0.033401,0.053042,0.028746,0.050456,0.024644,0.001245,0.079939,0.021833,0.039469,0.002398,-0.040994,0.01834,-0.04393,0.018541,0.011563,0.028615,-0.048314,-0.013833,0.051259,0.010101,-0.063464,-0.020131,0.043273,0.114033,-0.005695,0.009498,0.005313,-0.005453,-0.002581,-0.007395,0.002385,-0.022491
131.037867,352.513768,646.308656,992.089804,1316.816413,-0.029549,0.036914,-0.024706,0.03657,-0.032721,0.024732,-0.023502,0.023818,-0.03818,-0.032649,-0.016722,-0.016238,-0.01523,-0.033648,-0.049641,-0.028804,-0.046628,-0.012534,-0.010917,0.06165,0.024679,0.050563,-0.009979,-0.038882,0.024323,-0.041974,0.037207,-0.068413,-0.026059,0.02892,-0.014624,-0.036373,0.006294,0.056539,0.035517,0.012192,0.02069,0.005878,0.052974,0.005371,-0.003964,-0.03263,0.006081,0.023079,-0.092491
97.598058,257.893138,373.377276,768.741013,1154.931492,0.032457,-0.038189,0.025091,-0.037926,0.035354,-0.019462,0.023807,-0.019112,0.036427,0.017608,0.01711,0.025477,0.015993,0.017851,0.050545,0.040608,0.049536,0.013704,0.024186,0.060795,-0.000863,0.055794,0.022893,-0.041491,-0.003037,-0.043227,0.026383,-0.062705,0.010749,0.063581,0.008144,-0.035138,-0.024106,0.037893,-0.01239,-0.009149,0.061052,0.002692,0.052647,0.000764,-0.015598,-0.001896,-0.043835,0.002088,-0.055285
221.877175,459.435685,708.945844,812.872379,1412.513892,0.008801,-0.041742,0.021563,-0.040566,0.01718,-0.04448,0.016593,-0.032021,0.02374,0.020958,-0.0011,0.026753,-0.001633,0.038084,0.0394,0.042419,0.039086,0.035828,-0.006226,-0.060271,-0.014329,-0.04661,-0.009581,0.020192,-0.008607,0.071576,-0.02899,-0.017859,0.02521,0.034207,0.020393,-0.028713,-0.061073,0.040952,0.055958,-0.026619,0.053111,0.022269,-0.026354,0.009129,0.040823,-0.045431,-0.052846,0.041496,0.016334
157.461667,393.415573,655.836143,1157.272156,1350.411011,0.004864,-0.039373,0.025349,-0.038522,0.030971,-0.029091,0.0234,-0.028093,0.039455,0.007174,0.006156,0.020654,0.004441,0.038825,0.051412,0.035628,0.049751,0.018492,-0.000268,-0.070291,-0.018132,-0.049457,0.001621,0.036262,-0.020386,0.040174,-0.03845,-0.041358,-0.01939,0.036518,-0.0006,-0.064923,-0.005126,0.059085,0.022152,-0.005348,0.05588,0.011293,0.049737,0.001309,0.000222,-0.0193,0.000766,0.007948,-0.082646
89.676304,389.705657,725.015604,1236.452454,1344.015727,-0.001601,0.037876,-0.027323,0.037714,-0.03947,0.020892,-0.02681,0.020588,-0.040807,0.002193,0.01707,0.016623,0.015194,0.033421,0.052106,0.03308,0.0494,0.019942,-0.000968,-0.065937,-0.021883,-0.051142,0.001969,0.042455,-0.017876,0.045731,-0.027002,-0.035831,-0.014945,0.045198,-0.003358,-0.055694,-0.011833,0.059841,0.026652,-0.032239,0.104879,-0.002137,0.0246,0.000598,-0.014785,-0.007979,0.002846,0.009726,-0.039841
125.28332,338.248916,666.711102,949.176047,1357.242163,-0.029106,0.037697,-0.024749,0.03738,-0.035094,0.022464,-0.023353,0.021876,-0.036924,-0.02627,-0.026016,-0.02004,-0.024183,-0.027715,-0.042925,-0.03553,-0.040898,-0.021305,0.006266,-0.059639,-0.027545,-0.048701,0.005831,0.051063,-0.011045,0.0516,-0.01536,-0.092966,-0.016523,0.030033,-0.009734,-0.0164,0.002188,0.049779,0.017974,0.005981,0.042323,-0.014391,0.053717,-0.000774,-0.040257,-0.014437,0.016217,0.0258,-0.070946
154.995,317.18452,538.524294,1168.253497,1232.98723,0.003121,-0.052147,-0.004221,-0.051464,0.006191,-0.037142,-0.007876,-0.036225,0.014164,-0.014873,-0.010415,-0.048529,-0.009991,-0.028205,0.011065,-0.049345,0.009304,-0.048724,0.016191,-0.048062,-0.008082,-0.042628,0.028982,0.057619,0.012566,0.058424,-0.006288,-0.054618,-0.024795,0.026691,-0.009217,-0.060535,-0.002118,0.054955,0.025767,-0.007701,-0.015413,0.006849,-0.059587,0.000618,-0.008822,0.014081,0.019155,-0.01003,0.09009
166.971108,389.078727,738.306445,1238.071187,1411.582231,-0.005497,0.040249,-0.025718,0.039638,-0.033146,0.02791,-0.022154,0.026786,-0.036663,-0.00655,-0.01142,-0.017669,-0.010014,-0.03406,-0.047945,-0.042517,-0.046163,-0.027406,-0.001679,-0.066559,-0.023604,-0.051095,-0.001866,0.042997,-0.014226,0.046433,-0.022386,-0.044811,-0.012652,0.039932,-0.002341,-0.053043,-0.014348,0.062792,0.023409,-0.032656,0.080935,-0.002466,0.047146,0.000492,-0.009758,-0.005719,-0.016606,0.015012,-0.05299
166.064326,339.382746,584.401877,1168.551387,1594.647989,0.003525,-0.053386,-0.005172,-0.052587,0.006986,-0.035853,-0.008252,-0.034804,0.010081,-0.018028,-0.004962,-0.048672,-0.004744,-0.034011,0.006748,-0.049486,0.004587,-0.041719,-0.012684,0.047715,0.015745,0.041468,-0.022493,-0.060501,-0.003575,-0.060001,-0.006222,0.042022,0.027508,-0.044081,0.00999,0.048766,0.004643,-0.049106,-0.029175,0.049414,-0.055456,0.004659,-0.042291,-0.001302,-0.016815,0.005212,0.044394,-0.008391,0.069612
212.761578,385.858032,636.557746,1213.586257,1598.842676,-0.0074,0.049255,-0.008896,0.048029,-0.015236,0.038093,-0.004018,0.036205,-0.020992,-0.018299,-0.011476,-0.043057,-0.010491,-0.035587,-0.013227,-0.049843,-0.01432,-0.039624,0.007701,-0.054266,-0.019756,-0.045539,0.014242,0.05826,-0.000982,0.058213,-0.006103,-0.045477,-0.022704,0.046389,-0.006527,-0.050448,-0.010152,0.048823,0.027525,-0.042025,0.056504,-0.003151,0.044486,0.001587,0.013331,-0.00747,-0.040764,0.010232,-0.069924
158.617604,410.448537,594.053957,902.506481,1141.791805,0.004029,-0.034356,0.019922,-0.033835,0.007939,-0.049417,0.017181,-0.048358,0.021158,0.021189,-0.016783,0.026207,-0.015905,0.039284,0.037878,0.035626,0.039065,0.044186,0.001075,-0.065274,-0.023665,-0.055026,0.002494,0.030327,-0.030235,0.033698,-0.031168,0.015006,0.006233,-0.048366,0.003985,0.02402,-0.002113,-0.056831,-0.015401,0.091971,-0.054705,-0.017672,-0.003697,-0.008025,-0.059814,0.008949,0.030934,0.016096,0.066277
179.102162,256.035901,517.857578,873.358404,1088.074623,-0.005565,0.037802,-0.022073,0.036934,-0.010927,0.043474,-0.015474,0.04212,-0.03441,0.004877,-0.039102,0.030296,-0.037898,0.009343,0.05412,0.037545,0.054817,0.002328,-0.01635,-0.047943,-0.011989,-0.040449,-0.029083,0.00575,-0.039242,0.008273,-0.058532,0.048848,-0.013327,-0.030795,-0.008188,0.07225,0.00993,-0.048855,0.003739,-0.007887,-0.01623,-0.025435,-0.062478,-0.010523,-0.013851,0.017853,0.001312,0.006869,0.084301
224.184259,419.704216,568.498032,958.910278,1279.87215,-0.008653,0.052873,-0.013606,0.04365,-0.016914,0.037214,-0.008381,0.035074,-0.023393,0.019641,0.01931,0.038879,0.007566,0.036087,0.019177,0.048794,0.019764,0.038676,0.002813,-0.087002,-0.011709,-0.014976,0.005223,0.051674,0.001982,0.052392,-0.010017,-0.017569,-0.05523,0.030275,0.07341,-0.025563,-0.026291,0.021321,-0.018214,-0.006996,0.04435,-0.02009,-0.038695,0.041811,0.044265,0.004857,-0.047936,-0.032971,0.040108
172.604889,224.861086,436.98749,933.443502,1577.312586,-0.003657,0.054147,-0.036118,0.053438,-0.007144,-0.034805,-0.036353,-0.036186,-0.008028,0.006357,-0.030115,-0.004023,-0.029143,0.012478,-0.057232,-0.010153,-0.054134,0.018859,0.019363,0.037708,0.033745,0.034472,0.035385,-0.017365,0.037561,-0.016419,0.043997,-0.038575,0.012814,0.054304,0.009858,-0.056375,-0.034652,0.032763,-0.002377,-0.036396,0.0508,-0.003039,0.012046,0.008406,0.021018,-0.048193,-0.022922,0.064016,-0.050819
146.898824,355.973275,488.102289,831.359892,1151.256637,-0.003494,0.035112,-0.017385,0.03466,-0.007543,0.04755,-0.008516,0.046675,-0.038425,0.012988,0.010659,0.029111,0.009785,0.026551,0.021845,0.061075,0.022253,0.048483,-0.014657,0.061631,0.010454,0.0553,-0.029074,-0.041934,0.003161,-0.044787,0.030759,0.030812,0.019,0.051153,0.013444,0.045654,-0.012168,-0.043961,-0.011367,-0.05025,-0.039006,-0.017822,0.061849,-0.006437,-0.049494,-0.006575,0.031511,0.024061,-0.044862
86.821337,342.532756,543.575772,922.970087,1395.375054,-0.035311,0.035448,-0.02566,0.035306,-0.036693,0.018722,-0.025001,0.018454,-0.037581,0.020697,0.009323,0.014123,0.00825,0.019851,0.059041,0.033424,0.056978,0.010468,0.030229,0.064428,-0.006295,0.055956,0.025788,-0.031065,-0.001908,-0.036391,0.028923,-0.059252,0.019181,0.052331,0.012848,-0.033369,-0.020433,0.058356,-0.006179,0.004312,0.045369,0.01147,0.060647,0.00291,-0.01057,-0.00926,-0.029668,0.004704,-0.068845
172.922479,347.494804,536.820602,885.914987,1146.966978,0.023547,-0.046148,0.021262,-0.040093,0.029,-0.027866,0.018812,-0.02649,0.032691,-0.027826,-0.037385,-0.028716,-0.017814,-0.032301,-0.030553,-0.038839,-0.028994,-0.028915,0.003176,-0.090528,-0.010576,-0.005904,0.003589,0.050224,0.002094,0.050579,-0.010589,-0.029684,-0.044486,0.03708,0.068588,-0.024137,-0.02858,0.031001,-0.018292,-3.5e-05,0.062014,-0.021812,-0.029736,0.05097,0.029816,-0.003441,-0.048827,-0.034968,0.015628
98.558505,171.291091,370.798916,794.563951,1191.30657,0.004271,-0.050636,0.037071,-0.050315,0.006906,0.039606,0.037246,0.03983,0.00711,-0.018698,0.02055,-0.005676,0.01991,-0.029827,0.053987,-0.002638,0.053001,-0.033975,0.028122,0.046325,0.019977,0.041496,0.038912,0.007429,0.02881,0.0055,0.037338,-0.055904,0.021733,0.05486,0.014047,-0.041287,-0.028379,0.044427,-0.018135,-0.014422,0.090716,0.007558,0.030242,0.002223,-0.032598,-0.011835,-0.003032,-0.002051,-0.055378
193.797186,364.278559,495.203994,837.381876,1141.234599,0.005804,-0.055605,0.005518,-0.046998,0.011465,-0.037201,0.001437,-0.035653,0.019841,-0.017409,-0.015716,-0.046193,-0.007817,-0.032669,-0.00596,-0.050702,-0.007355,-0.042385,0.004766,-0.079009,-0.004022,-0.020444,0.008742,0.055654,0.007876,0.056369,-0.012852,-0.016041,-0.06544,0.021259,0.074024,-0.02501,-0.023918,0.012468,-0.019052,-0.001267,0.044719,-0.017786,-0.044952,0.034607,0.053305,0.005464,-0.042435,-0.021854,0.036002
221.202914,439.649255,740.280923,1181.230686,1587.348132,-0.016294,0.041587,-0.022312,0.04046,-0.025108,0.034225,-0.017877,0.032184,-0.031473,-0.024657,-0.008058,-0.024087,-0.006662,-0.035193,-0.04272,-0.040905,-0.041405,-0.029545,-0.001199,-0.066295,-0.021547,-0.050877,-0.00056,0.044371,-0.014838,0.047679,-0.021981,-0.06008,-0.012959,0.043068,-0.003801,-0.044955,-0.009483,0.059221,0.023,-0.022485,0.054164,0.002143,0.04929,0.002392,-0.002068,-0.014837,-0.020099,0.01628,-0.079268
207.377547,273.096287,424.83768,960.508913,1573.334922,-0.007228,0.056207,-0.012661,0.053968,-0.014171,0.028816,-0.008413,0.02698,-0.019489,0.00443,-0.024538,0.036506,-0.023542,0.00839,0.055539,0.041915,0.05589,0.005963,0.017505,0.042401,0.031357,0.03667,0.032141,-0.029927,0.031561,-0.029148,0.042812,-0.040922,0.008424,0.055603,0.005278,-0.058489,-0.025507,0.03215,-0.008363,-0.037209,0.028284,0.077709,0.023155,-0.056217,0.009343,0.007993,-0.028511,-0.003347,-0.034063
116.437212,370.446663,654.793287,1025.443647,1558.726021,-0.002007,0.031608,-0.021098,0.031343,-0.005309,0.052369,-0.019581,0.0518,-0.007129,0.019393,-0.022054,0.021051,-0.020935,0.047925,0.033126,0.026766,0.03445,0.05069,0.000162,0.062934,0.034849,0.050772,-0.001494,-0.022881,0.047181,-0.025766,0.004004,-0.025462,-0.029974,0.033213,-0.016695,-0.039651,0.016502,0.063372,0.035744,-0.063255,0.082317,0.003153,0.026741,5e-05,0.012937,-0.001111,-0.024349,0.003233,-0.068563
208.962623,394.074443,534.894697,600.746033,1197.877955,0.007649,-0.045899,0.020916,-0.044761,0.014965,-0.046055,0.016645,-0.018769,0.020967,-0.012627,0.010309,-0.035202,0.010061,-0.023317,-0.043959,-0.047187,-0.052567,-0.019725,0.019247,0.038857,0.006221,0.033447,0.034161,0.00207,0.004033,-0.074159,0.048551,0.007421,-0.045143,-0.027032,-0.039343,0.013554,0.073068,-0.028958,-0.038117,0.009093,0.046018,0.001405,-0.050217,0.003114,0.051887,-0.025232,-0.033335,0.048895,0.018257
217.581983,462.23596,687.095218,1209.887507,1369.003275,-0.008513,0.039231,-0.020309,0.038168,-0.016636,0.041572,-0.01503,0.03958,-0.033839,0.02092,-0.000838,0.027334,-0.001402,0.03796,0.039303,0.045149,0.039311,0.031011,-0.004679,0.066028,0.01917,0.052528,-0.008383,-0.038263,0.020141,-0.042299,0.036288,-0.056436,-0.020486,0.023899,-0.006715,-0.059019,-0.002133,0.058916,0.025793,0.001035,0.016303,0.008406,0.05982,0.004306,0.005196,-0.021595,0.000651,0.010745,-0.09284
207.782357,241.790808,441.380325,949.550553,1595.309035,0.007595,-0.060914,0.027764,-0.059383,0.014839,-0.003769,0.025145,-0.001166,0.019019,0.001682,0.004041,-0.024305,0.00426,0.003398,-0.065987,-0.030475,-0.064803,0.008398,0.018933,0.040457,0.032322,0.03633,0.034543,-0.020716,0.035457,-0.020061,0.043661,-0.0395,0.011627,0.05509,0.008358,-0.057016,-0.031016,0.033335,-0.004592,-0.036451,-0.058815,-0.004253,-0.040332,-0.000838,-0.018481,0.009511,0.047219,-0.009526,0.064324
102.38573,377.262622,505.633006,888.571778,1170.663875,0.001852,-0.031439,0.019967,-0.030991,0.00345,-0.053027,0.018785,-0.052591,0.00776,-0.025267,0.017479,-0.024142,0.015557,-0.044305,-0.029022,-0.029994,-0.030408,-0.055485,0.004158,-0.066639,-0.03615,-0.050061,0.007721,0.025777,-0.042151,0.027563,-0.001495,-0.006278,-0.032674,0.036916,-0.009526,-0.010289,0.015824,0.050888,0.028487,-0.099246,0.058409,0.036114,0.00056,-0.007953,0.05224,-0.005076,-0.037359,-0.016457,-0.058926
8.205939,222.200744,488.107488,1073.68667,1303.456615,1.3e-05,-0.037056,0.027753,-0.037055,0.041624,-0.018555,0.027749,-0.018552,0.041636,0.000269,0.035366,0.028462,0.034097,0.027614,0.035649,0.033407,0.034677,0.023492,2e-06,-0.047619,-0.030762,-0.041948,0.02286,0.056583,-0.020418,0.054986,0.001253,-0.004497,-0.03604,0.043461,-0.012412,-0.045026,0.003633,0.054467,0.033662,-0.063029,0.109475,0.000877,0.008474,0.000298,0.007331,-0.001656,-0.016847,-7.1e-05,-0.03065
179.175547,418.420404,740.211772,1243.13598,1467.913878,-0.006329,0.040543,-0.025208,0.039834,-0.03231,0.028277,-0.022605,0.026977,-0.036373,-0.008021,-0.012449,-0.021423,-0.010748,-0.035017,-0.047265,-0.03908,-0.045219,-0.02742,-0.001253,-0.066185,-0.021991,-0.05079,-0.0007,0.044176,-0.015311,0.047404,-0.022234,-0.043134,-0.012823,0.046032,-0.002428,-0.051677,-0.013339,0.057851,0.025036,-0.036134,0.095862,-0.00156,0.031156,0.001346,-0.013165,-0.009612,-0.005785,0.012221,-0.051137
153.027273,342.97767,496.737931,1026.210812,1144.411119,0.00398,-0.039573,0.012662,-0.039036,0.007654,-0.045374,0.010135,-0.044409,0.033617,0.011154,0.030114,0.044052,0.028377,0.020305,0.0012,0.049331,0.001464,0.04877,-0.023232,0.050291,0.000673,0.045222,-0.04089,-0.048809,-0.007475,-0.050916,0.00817,0.019922,0.006949,0.043834,0.00526,0.020795,-0.021727,0.00577,-0.007222,-0.10635,-0.050756,-0.029887,0.02988,-0.012496,-0.055956,0.004593,0.055639,0.031479,-0.019928
88.129653,279.799926,635.756152,799.004883,1149.889368,0.032449,-0.035871,0.025903,-0.035722,0.036409,-0.020643,0.023887,-0.020361,0.037367,-0.024431,-0.013578,-0.004148,-0.01273,-0.024149,-0.053649,-0.040646,-0.052226,-0.018445,0.032882,0.066089,0.004068,0.054447,0.01426,-0.037421,-0.002813,-0.043259,0.022424,-0.086462,0.013053,0.024895,0.009851,-0.011856,-0.015296,0.060035,-0.007417,0.01854,0.020964,0.006473,0.078922,0.003008,-0.031016,-0.004469,-0.001157,0.013131,-0.05468
238.775766,468.210774,738.778128,1121.1044,1582.163008,0.010489,-0.042635,0.020788,-0.041271,0.02042,-0.03934,0.015169,-0.03425,0.027993,-0.020069,-0.002991,-0.027783,-0.002005,-0.036294,-0.03932,-0.044913,-0.038503,-0.033097,0.001577,0.065946,0.020835,0.050592,0.00167,-0.042288,0.013975,-0.050457,0.023343,-0.035449,-0.004063,0.041429,0.001553,-0.043601,-0.035745,0.050189,0.04924,-0.037276,-0.064632,-0.012922,-0.020275,-0.005121,-0.02547,0.035213,0.040983,-0.038391,0.05107
200.437427,379.568639,454.086383,776.64296,1196.089779,-0.006209,0.060063,-0.008141,0.044057,-0.012197,0.03696,0.000453,0.035293,-0.017124,0.019334,0.015465,0.041276,0.001601,0.036054,0.010439,0.052143,0.011893,0.041347,0.0008,-0.092247,-0.008574,0.001582,0.00161,0.048907,0.011271,0.049198,-0.007896,-0.010469,-0.041433,0.031165,0.079742,-0.017664,-0.033796,0.005259,-0.030921,-0.003093,0.04387,-0.010941,-0.046968,0.031535,0.049477,0.006691,-0.044226,-0.026477,0.043106
100.847747,185.332381,468.752614,897.422904,1390.824262,-0.001071,0.050067,-0.036914,0.049624,-0.005247,-0.041743,-0.037139,-0.041965,-0.00549,0.005629,-0.022653,0.010501,-0.021576,0.027493,-0.053878,0.006927,-0.05265,0.035387,-0.011781,-0.046521,-0.012979,-0.036167,-0.048125,-0.009596,-0.027428,-0.006374,-0.045369,0.019325,-0.036487,-0.054621,-0.012471,0.056169,0.024875,-0.050301,0.014546,0.018481,-0.078962,-0.030224,-0.027576,0.016186,-0.01406,0.00512,0.023049,0.000292,0.062754
166.402387,355.313261,521.480861,969.920949,1170.667732,0.003749,-0.040603,0.013695,-0.039882,0.007387,-0.048415,-0.011966,-0.047326,0.010834,0.019279,-0.011325,0.027432,-0.010734,0.036404,0.016059,0.062132,0.0181,0.042107,0.001415,-0.058846,-0.045265,-0.051333,0.003475,0.042175,-0.000681,0.043069,-0.004495,-0.033563,0.00254,-0.031435,0.002935,-0.042448,-0.021039,0.089087,-0.010493,-0.012503,0.023122,0.030369,-0.067332,0.010418,0.030825,-0.006234,-0.010158,-0.03461,0.060917
165.563896,184.185916,497.200057,793.153061,1069.244819,0.00731,-0.052143,0.034731,-0.051419,0.012988,-0.011155,0.032065,-0.010001,0.029316,0.00135,0.018035,-0.016853,0.017918,0.002459,-0.068787,-0.021772,-0.068423,0.01832,-0.025441,-0.042335,-0.010527,-0.037252,-0.04045,-0.001141,-0.031233,0.001503,-0.055645,0.048398,-0.022292,-0.035309,-0.016209,0.064425,0.011592,-0.051831,0.007769,-0.015908,-0.022352,-0.02152,-0.051954,-0.011803,-0.015767,0.018942,-0.010276,0.007891,0.09639
144.317101,299.160339,488.342123,1060.82298,1451.225607,0.003901,-0.051465,-0.002615,-0.050878,0.006587,-0.038259,-0.004972,-0.037449,0.009802,0.018731,0.011247,0.050248,0.010832,0.030297,-0.010801,0.050811,-0.009247,0.038143,-0.020879,0.044579,0.015165,0.040471,-0.032172,-0.056103,0.003235,-0.055924,-0.020902,0.040111,0.03301,-0.038444,0.016581,0.040902,-0.00802,-0.054755,-0.033074,0.056146,-0.060563,0.00084,-0.031582,-0.000597,-0.020068,0.004518,0.030496,-0.003278,0.083922
106.382485,430.61802,519.025539,988.439871,1266.706804,-0.001844,0.02868,-0.019098,0.028031,-0.004425,0.047523,-0.017996,0.047081,-0.050707,0.022409,-0.022218,0.026128,-0.017735,0.049048,0.040115,0.03613,0.04153,0.013285,0.00461,-0.073644,-0.018664,-0.044493,0.010311,0.011497,-0.031639,0.015784,-0.054044,-0.037403,-0.060941,-0.007084,0.01418,-0.052333,0.021196,0.032813,0.024636,0.049767,0.012802,0.015392,-0.060924,-0.02316,0.02028,0.027504,-0.033288,-0.010001,0.07709
167.483582,420.925944,565.581624,1004.94103,1250.89852,0.004715,-0.034625,0.018806,-0.034048,0.009311,-0.046316,0.012879,-0.045171,0.040184,0.018741,0.003403,0.028235,0.002682,0.03463,0.031131,0.053535,0.031548,0.038826,-0.014609,0.063142,0.012287,0.054293,-0.026032,-0.035595,0.016963,-0.039372,0.041417,-0.039687,-0.027986,-0.035874,-0.01622,-0.048394,0.017667,0.042833,0.020023,0.051888,0.032537,0.012581,-0.061758,0.002049,0.037275,0.015015,-0.037002,-0.025016,0.062417
154.392097,410.256726,536.13958,942.795478,1196.770769,-0.003756,0.035635,-0.018268,0.035086,-0.007408,0.049342,-0.015633,0.048339,-0.019387,0.021228,-0.000934,0.032202,-0.00123,0.039282,0.026801,0.041446,0.027741,0.049787,0.010142,-0.063249,-0.028147,-0.054699,0.018678,0.038064,-0.028833,0.040036,-0.003616,0.002889,0.017547,-0.041977,0.010107,0.006614,-0.005354,-0.045971,-0.020721,0.107137,0.056946,0.025183,-0.001344,0.008648,0.058345,-0.008812,-0.045904,-0.023881,-0.043687
209.684138,439.335084,698.952623,810.599457,1351.917697,0.00764,-0.040485,0.021553,-0.039454,0.015264,-0.046442,0.015189,-0.035625,0.021159,0.020717,-0.005549,0.024762,-0.005594,0.038738,0.037734,0.04354,0.040407,0.037785,-0.005186,-0.062152,-0.018634,-0.048454,-0.00791,0.020979,-0.015045,0.066063,-0.025136,0.018889,-0.019645,-0.032455,-0.01639,0.030696,0.057231,-0.044296,-0.059926,0.030833,0.047336,0.023673,-0.014847,0.01065,0.039161,-0.047419,-0.061448,0.042288,0.020702
191.222707,463.60953,638.27253,1158.688357,1310.092477,0.00641,-0.035705,0.019981,-0.03494,0.012579,-0.043969,0.016327,-0.042458,0.039709,-0.022286,0.004793,-0.027816,0.004956,-0.040436,-0.039794,-0.043077,-0.040132,-0.027369,0.008174,-0.065247,-0.017051,-0.053462,0.014363,0.030468,-0.02399,0.035136,-0.046538,-0.054772,-0.028874,0.003302,-0.012497,-0.059236,0.012792,0.047485,0.02796,0.034177,0.007607,-0.004599,-0.062001,-0.004184,0.013607,0.025352,-0.027235,-0.014573,0.088354
184.478665,407.547049,684.284293,833.725778,1364.58429,0.006594,-0.041269,0.025113,-0.040492,0.028241,-0.033547,0.022236,-0.02631,0.032626,0.00978,0.005991,0.021463,0.004849,0.037009,0.051022,0.036874,0.042202,0.030826,-0.00521,-0.061893,-0.010263,-0.048948,-0.014544,0.024958,-0.005818,0.065664,-0.031756,-0.010131,0.022105,0.037607,0.017942,-0.030458,-0.05875,0.044609,0.055979,-0.025912,0.065256,0.013233,-0.028829,0.007773,0.038088,-0.041261,-0.042974,0.045637,0.009265
61.763224,345.947098,703.178325,1011.243884,1134.06523,-0.001338,0.037472,-0.027585,0.037372,-0.040396,0.019989,-0.027349,0.019846,-0.040844,0.002299,0.014507,0.011496,0.012726,0.034584,0.054848,0.024528,0.052519,0.026597,0.003279,0.068602,0.027159,0.049418,-0.000926,-0.038565,0.027212,-0.041362,0.015024,-0.11558,-0.002436,0.009168,-0.000984,-0.003615,0.000385,0.019852,0.004159,0.003667,0.020648,-0.02212,0.04477,-0.005218,-0.050222,-0.001728,0.062404,0.028512,-0.056456
224.792227,331.40441,568.777487,1020.723886,1438.87632,-0.009449,0.044335,-0.023556,0.043006,-0.018432,0.034191,-0.018859,0.032017,-0.031733,0.005648,-0.028638,0.028329,-0.027533,0.010574,0.059575,0.036479,0.059901,0.001695,-0.01963,-0.052509,-0.017787,-0.044007,-0.034,0.011822,-0.030389,0.014859,-0.047314,0.046268,-0.016203,-0.048919,-0.009412,0.062023,0.019292,-0.047481,0.004101,0.010614,-0.038515,-0.014954,-0.049103,-0.00309,-0.019023,0.016974,0.020589,-0.002506,0.087062
228.280131,446.59475,468.221264,936.313607,1035.20653,-0.009401,0.056854,-0.019578,0.039037,-0.01834,0.036027,-0.014516,0.030362,-0.025043,0.018272,0.004443,0.030019,-0.006618,0.033281,0.04184,0.045397,0.041699,0.030246,-0.006916,-0.097852,-0.01332,0.001104,-0.012445,0.038327,-0.008295,0.039467,-0.022643,-0.007849,0.037296,-0.002817,-0.087106,-0.010573,0.017084,-0.007189,0.037235,-0.027393,0.033338,-0.00425,-0.04565,-0.012809,0.044912,0.041812,-0.048985,-0.038174,0.034102
167.4257,415.527203,650.704261,1014.974542,1220.887158,0.004633,-0.035261,0.020854,-0.034435,0.010428,-0.047902,0.017854,-0.046715,0.022538,0.020799,-0.012943,0.022838,-0.012142,0.043601,0.038149,0.033175,0.038882,0.045139,-0.002987,0.06907,0.025826,0.050986,-0.006638,-0.030202,0.033334,-0.033927,0.02623,-0.01041,-0.012386,0.045577,-0.004502,-0.018128,0.00199,0.057596,0.020656,-0.095653,0.056614,0.026682,0.005879,0.003435,0.055016,-0.007676,-0.038379,-0.018999,-0.059586
195.598963,367.386034,475.70645,713.905657,838.165741,-0.009139,0.054632,-0.013906,0.044772,-0.015472,0.039119,-0.010013,0.027817,-0.022382,0.020602,0.017079,0.041765,0.006031,0.033039,0.020067,0.049534,0.024234,0.035279,-0.001636,-0.083348,-0.006376,-0.017622,-0.002438,0.051063,0.003237,0.056054,-0.019423,0.024857,-0.004758,-0.031978,-0.013324,0.034966,0.060501,-0.030609,-0.060128,0.032642,0.00165,0.063923,-0.007024,-0.081142,0.002389,0.008282,-0.001653,0.041442,-0.017013
154.52641,394.403152,684.543207,1212.161876,1350.401256,0.004689,-0.038936,0.025437,-0.038426,0.031438,-0.028932,0.023572,-0.027973,0.039574,-0.007058,-0.007428,-0.019856,-0.006253,-0.039961,-0.050682,-0.034973,-0.048903,-0.019493,-0.001035,0.065218,0.021164,0.051945,-0.007864,-0.036833,0.023274,-0.040481,0.037859,-0.049262,-0.020626,0.030669,-0.006607,-0.060305,-0.003139,0.059741,0.027647,-0.006558,0.053359,0.005739,0.050686,0.003665,-0.002616,-0.019825,0.005936,0.010546,-0.084278
185.076282,422.143234,514.942687,730.909551,1369.838184,-0.006327,0.041571,-0.024946,0.040754,-0.020624,0.044605,-0.021855,0.01834,-0.027475,0.015177,0.005549,0.019775,0.004313,0.044681,0.054636,0.03312,0.011936,0.04053,0.004233,0.007166,-0.01913,0.00576,0.012794,0.023821,-0.031274,-0.102285,0.029118,-0.003429,0.06462,0.028511,0.050409,-0.010468,-0.054338,0.027961,-0.020642,0.017315,0.075309,0.020256,-0.01123,0.00717,0.044398,-0.027948,-0.049681,0.018775,-0.019897
86.920908,395.177208,740.27417,1221.896798,1281.381304,-0.00174,0.037853,-0.027378,0.0377,-0.039827,0.020508,-0.026901,0.020224,-0.04072,-0.002384,-0.018803,-0.016814,-0.016753,-0.031846,-0.051217,-0.033826,-0.048377,-0.022107,-0.001711,-0.066137,-0.02196,-0.050753,-0.000637,0.044212,-0.015432,0.047413,-0.022241,-0.079235,-0.010163,0.035595,-0.002281,-0.039263,-0.009645,0.050264,0.019204,-0.021291,0.083978,-0.009286,0.037577,-0.001137,-0.039905,-0.011295,0.029873,0.019926,-0.044273
166.557213,413.231845,547.897255,874.113089,1300.95819,-0.004348,0.03795,-0.01831,0.037148,-0.008562,0.049761,-0.015212,0.044977,-0.012282,-0.022207,0.005265,-0.032487,0.005159,-0.041063,-0.026689,-0.041549,-0.032162,-0.043746,0.006217,-0.06262,-0.032535,-0.052089,0.011756,0.035881,-0.03263,0.042758,0.004934,-0.023247,-0.015779,0.029368,-0.006304,-0.035214,-0.031355,0.041439,0.07312,-0.047835,0.026761,0.031582,-0.017559,0.011704,0.0253,-0.066113,-0.046377,0.051978,0.038329
202.64776,406.539033,705.784657,1136.164958,1556.121161,-0.019807,0.041598,-0.022207,0.040661,-0.027274,0.031595,-0.018655,0.029911,-0.032512,-0.026451,-0.014624,-0.025179,-0.012929,-0.03387,-0.040582,-0.039923,-0.039061,-0.028421,0.002356,-0.063269,-0.023386,-0.050084,0.003385,0.048363,-0.013096,0.050237,-0.018231,-0.064421,-0.01683,0.04273,-0.00631,-0.041671,-0.006522,0.05784,0.023728,-0.018839,0.053538,-0.001761,0.049032,0.002578,-0.006746,-0.015071,-0.017821,0.017349,-0.080457
220.94791,345.896852,488.894686,986.510467,1544.902975,0.008461,-0.049384,0.01501,-0.048067,0.016542,-0.03598,0.00909,-0.032827,0.022797,-0.010317,0.018851,-0.036912,0.018204,-0.019335,-0.048419,-0.046783,-0.049532,-0.017341,0.015046,0.052256,0.022783,0.046876,0.026921,-0.035823,0.02256,-0.036481,0.038487,-0.039851,0.006444,0.056761,0.005526,-0.056007,-0.027577,0.035612,0.004297,-0.038528,0.052368,0.003837,0.045998,0.000216,0.019336,-0.001936,-0.055129,0.003039,-0.057861
181.129108,351.996633,585.724432,1084.40076,1415.431646,0.0045,-0.052133,-0.000412,-0.051114,0.008886,-0.038038,-0.006685,-0.035369,0.012727,0.018609,0.005301,0.04674,0.004963,0.034983,-0.000929,0.050708,0.003288,0.041935,0.009184,-0.050509,-0.022488,-0.043153,0.016565,0.05946,0.010232,0.058903,0.000177,-0.034988,-0.019408,0.040159,-0.005292,-0.044519,-0.029653,0.041297,0.052266,-0.044431,0.041013,-0.007493,0.04954,-0.000625,0.022265,0.001595,-0.064375,0.013917,-0.049692
180.51765,286.916228,438.194911,908.791961,1166.947584,-0.005334,0.088093,-0.014987,0.027894,-0.017457,0.021515,-0.012333,0.019586,-0.020983,-0.008863,-0.077383,-0.024324,0.030721,-0.027855,0.027984,-0.022046,0.026554,-0.033815,-0.010775,0.016906,-0.020732,-0.006788,-0.031181,-0.052692,-0.038523,-0.050842,-0.023197,-0.000329,-0.011846,0.019192,0.085786,-0.003051,-0.032905,0.019176,-0.036869,0.020243,-0.036888,0.006465,0.047583,-0.013558,-0.050664,-0.021195,0.052508,0.033905,-0.039818
208.691123,336.173162,471.277026,940.62449,1265.726109,-0.006899,0.08703,-0.01307,0.028635,-0.013518,0.025177,-0.009215,0.023391,-0.018326,0.011336,0.078836,0.022367,-0.029694,0.021482,-0.035077,0.017923,-0.033642,0.030228,-0.018817,0.014306,-0.024802,-0.003362,-0.034006,-0.044996,-0.042854,-0.044655,-0.029015,0.00712,0.012894,-0.025174,-0.083552,0.011314,0.034452,-0.023342,0.034833,-0.014305,-0.047566,0.00644,0.042545,-0.025223,-0.048484,-0.008758,0.054019,0.030139,-0.038561
214.202881,420.960138,424.583984,955.506461,1231.462885,-0.007809,0.057849,-0.018349,0.036498,-0.015272,0.038899,-0.00611,0.036938,-0.023412,-0.019907,-0.042175,-0.027844,0.009395,-0.036715,-0.015507,-0.050997,-0.016014,-0.041973,-0.004011,0.091884,0.004778,-0.006942,-0.007532,-0.047251,-0.019278,-0.047734,0.002044,-0.012045,-0.023041,0.022147,0.082688,-0.017659,-0.030964,0.027616,-0.030417,0.01791,-0.052725,0.009568,-0.002147,-0.030941,-0.051061,-0.007351,0.071138,0.02047,-0.005114
165.791748,257.890318,411.094562,804.246783,1074.010446,0.004367,-0.08911,0.01419,-0.025674,0.013361,-0.023291,0.011797,-0.021812,0.022982,-0.006638,-0.077315,-0.021482,0.028716,-0.019684,0.035742,-0.018751,0.0346,-0.036942,-0.01305,0.008161,-0.025686,0.007648,-0.036026,-0.049923,-0.040242,-0.04947,-0.019369,0.00222,0.014008,-0.009445,-0.08521,0.005424,0.022267,-0.022606,0.02889,-0.04312,-0.044174,0.004107,0.03936,-0.014168,-0.066296,-0.008308,0.052934,0.022479,-0.008483
212.320909,439.141985,687.637183,1072.529731,1618.320057,-0.00781,0.039476,-0.020627,0.038449,-0.015271,0.044018,-0.015877,0.042084,-0.021367,-0.021137,0.009939,-0.025836,0.009621,-0.038753,-0.040829,-0.038869,-0.04138,-0.037671,-0.002926,-0.066329,-0.02513,-0.052677,-0.003929,0.036524,-0.027572,0.039806,-0.018121,-0.037461,-0.01264,0.044688,-0.005878,-0.048331,-0.000961,0.061671,0.021914,-0.052924,0.060383,0.006241,0.040587,0.000164,0.016785,-0.004889,-0.033953,0.005502,-0.074674
126.439332,225.095182,543.088002,963.176438,1485.862248,0.008565,-0.055351,-0.006037,-0.054877,0.010659,-0.031867,-0.007753,-0.031263,0.012422,-0.031371,-0.003367,-0.044169,-0.003277,-0.038076,-0.00166,-0.045024,-0.002429,-0.040783,0.009582,-0.046022,-0.013832,-0.040933,0.010397,0.064019,0.004254,0.062914,-0.008026,-0.062682,-0.019999,0.050566,-0.010919,-0.044543,-0.006499,0.046828,0.016187,-0.023771,0.058817,-0.005909,0.044539,0.001385,-0.007036,-0.010626,-0.029152,0.010909,-0.076854
195.869574,366.288336,538.649249,914.451592,1116.954983,-0.017797,0.049455,-0.018701,0.042186,-0.024616,0.031467,-0.015206,0.029866,-0.029483,0.026053,0.027511,0.032897,0.013106,0.034002,0.028772,0.04306,0.02801,0.032113,0.000506,-0.087239,-0.010532,-0.015116,0.000845,0.051471,0.001375,0.052117,-0.013368,-0.024842,-0.052677,0.032823,0.071339,-0.023284,-0.026099,0.026628,-0.017659,-0.001783,0.057027,-0.024192,-0.038711,0.045822,0.038448,-0.000576,-0.046544,-0.026117,0.023876
127.049856,331.535041,545.332692,1007.936621,1185.252536,0.001765,-0.033483,0.017543,-0.032826,0.003485,-0.052054,-0.029589,-0.051416,0.005333,-0.018914,0.028378,-0.017978,0.02559,-0.036061,-0.012546,-0.061277,-0.015459,-0.043003,0.005846,0.063018,0.050413,0.046802,0.009227,-0.031926,0.0011,-0.033538,0.016764,-0.022988,0.0251,-0.052853,0.007447,-0.025595,-0.032175,0.065872,-0.028691,0.024367,0.041417,0.034649,-0.049855,-0.008707,0.047808,0.013929,-0.043278,-0.026579,0.04108
167.532818,375.528492,653.171053,1106.529824,1264.721923,-0.005378,0.038886,-0.024376,0.038277,-0.026278,0.033954,-0.020041,0.032802,-0.038647,0.009005,0.000837,0.019382,0.000243,0.039296,0.048824,0.04226,0.047895,0.022026,0.001258,-0.064941,-0.016632,-0.052814,0.006231,0.034681,-0.024225,0.038653,-0.043154,-0.044837,-0.021668,0.002521,-0.009764,-0.065446,0.002649,0.061628,0.020211,0.023367,0.006479,0.004959,0.072055,0.00343,-0.016736,-0.017674,0.012134,0.014371,-0.076601
238.548243,461.192322,711.716905,1094.609974,1570.288264,-0.010484,0.04283,-0.020964,0.041464,-0.020409,0.039087,-0.015375,0.033869,-0.027958,0.019125,-0.000119,0.028112,-0.000796,0.034667,0.041775,0.044912,0.041194,0.03107,0.005206,0.065592,0.017879,0.051315,0.007771,-0.040205,0.013449,-0.049265,0.027389,-0.03597,0.000704,0.044388,0.003518,-0.045588,-0.036428,0.04983,0.043092,-0.036435,0.062931,0.011665,0.012224,0.006432,0.027158,-0.041946,-0.037859,0.047856,-0.045086
169.114849,347.53955,728.222934,1074.345356,1220.090959,0.003697,-0.034988,0.019934,-0.034376,0.007266,-0.051754,-0.020134,-0.050116,0.010777,0.019145,-0.021985,0.018621,-0.020854,0.036323,0.018439,0.062425,0.021901,0.042142,0.005739,0.067056,0.030982,0.051416,0.007992,-0.03544,0.00985,-0.04222,0.024064,-0.03793,0.000247,-0.035943,0.002759,-0.042291,-0.030881,0.077429,-0.005236,0.00614,0.024329,0.008137,-0.071814,0.000937,0.031321,0.015539,-0.016212,-0.042553,0.050667
157.644192,361.204263,622.411027,972.570469,1364.361291,-0.008278,0.036539,-0.021774,0.034906,-0.012252,0.047093,-0.019114,0.046031,-0.015618,-0.031825,0.014479,-0.019107,0.012899,-0.04465,-0.038762,-0.026616,-0.03917,-0.044607,-0.00286,-0.08074,-0.028917,-0.039413,-0.002674,0.028517,-0.035355,0.031497,-0.010421,-0.039946,-0.035118,0.039788,0.005628,-0.037542,0.009192,0.068171,0.026008,-0.045409,0.01253,-0.069456,-0.005306,0.079751,0.005178,-0.012245,-0.008305,-0.021491,0.023466
204.818562,396.4856,531.732164,669.426634,1145.312426,0.010273,-0.042977,0.024327,-0.04195,0.017588,-0.04401,0.020434,-0.020077,0.026234,-0.014583,0.015866,-0.027768,0.015323,-0.023494,-0.054757,-0.040604,-0.054604,-0.014837,0.023343,0.032073,-0.002195,0.027248,0.036069,0.020565,-0.001511,-0.074561,0.051139,0.001159,-0.052834,-0.02636,-0.0437,0.002539,0.063699,-0.035806,-0.034217,-0.005986,0.056839,-0.001236,-0.04,0.001815,0.053421,-0.024195,-0.041706,0.042777,-0.007516
93.770131,291.931779,440.631802,966.2298,1565.228017,0.000849,-0.055448,-0.016688,-0.055188,0.001999,-0.029877,-0.017627,-0.029586,0.002823,-0.015191,0.013355,-0.049006,0.012775,-0.033791,0.003731,-0.048425,0.001482,-0.040548,0.001562,0.045491,0.002855,0.042174,0.003281,-0.064203,-0.008857,-0.063869,0.015697,0.038389,0.007127,-0.054406,0.002761,0.059795,0.018309,-0.032467,-0.001708,0.045109,-0.06638,0.00129,-0.038097,-0.000641,-0.014754,0.003426,0.046689,-0.003182,0.061397
220.866822,405.135294,734.737221,1204.523376,1321.052812,0.008181,-0.040846,0.020331,-0.039701,0.015972,-0.044541,0.002088,-0.042405,0.022444,0.019423,-0.008107,0.021084,-0.007885,0.036118,0.033251,0.056922,0.034326,0.037586,-0.003231,-0.066928,-0.026772,-0.051411,-0.004092,0.040498,-0.012702,0.044409,-0.02288,0.051371,0.009451,-0.004643,0.001251,0.052407,0.019074,-0.078334,-0.012463,0.012278,-0.001841,-0.00619,0.080817,-0.001303,-0.010911,-0.000649,-0.021354,0.026182,-0.056182
148.747955,322.393112,518.916916,1049.546159,1530.45498,0.002595,-0.05529,-0.009577,-0.054025,0.00547,-0.033133,-0.012007,-0.032328,0.007801,0.017314,-0.003506,0.048787,-0.003108,0.034684,-0.003684,0.049164,-0.00143,0.042002,-0.002882,0.05148,0.006591,0.041242,-0.005591,-0.062888,-0.009055,-0.06281,0.009685,0.041714,0.020086,-0.053248,-0.000729,0.056654,0.014917,-0.036442,-0.01035,0.043547,-0.018699,0.087266,-0.001038,-0.067653,-0.008776,0.007761,0.01657,0.004388,0.002323
227.147813,427.909155,555.544122,1048.343773,1067.673187,-0.009305,0.047601,-0.020479,0.039906,-0.018153,0.038493,-0.015292,0.036264,-0.024985,-0.016387,0.016128,-0.027343,0.01208,-0.030078,-0.048812,-0.041264,-0.049154,-0.02636,-0.011289,-0.088677,-0.018762,-0.022624,-0.019488,0.030796,-0.020007,0.032799,-0.03026,-0.023811,0.053993,0.02526,-0.070727,-0.031153,0.00736,0.019362,0.020111,-0.036882,0.032809,0.029071,-0.045415,-0.045696,0.043019,0.019611,-0.053056,0.002377,0.026475
179.59623,431.924142,559.360463,1142.481863,1262.667525,0.005521,-0.036849,0.017581,-0.036154,0.010858,-0.04447,0.014279,-0.04314,0.039128,-0.018761,-0.012214,-0.036264,-0.010731,-0.034306,-0.026026,-0.048711,-0.026181,-0.038061,-0.015468,0.061539,0.012517,0.053275,-0.027555,-0.04196,0.010317,-0.045063,0.033687,0.052395,0.028582,0.004332,0.013178,0.057166,-0.016745,-0.043982,-0.027223,-0.045075,0.015434,0.006108,-0.061486,-0.000831,0.020909,0.022477,-0.028229,-0.017696,0.085356
211.838325,412.984743,613.758914,1148.174432,1605.221166,-0.007521,0.04489,-0.014075,0.043758,-0.014729,0.041594,-0.009223,0.039687,-0.020639,-0.019949,-0.00851,-0.038771,-0.007521,-0.036763,-0.021436,-0.04828,-0.02226,-0.039386,0.008055,-0.058142,-0.024983,-0.049144,0.01453,0.052368,-0.013557,0.052889,-0.000976,-0.040082,-0.024694,0.042451,-0.009686,-0.047575,-0.001939,0.055164,0.028838,-0.051951,0.057166,-0.000832,0.042009,0.001042,0.016569,-0.005469,-0.039653,0.007993,-0.072348
217.263721,413.412089,473.297521,992.193168,1207.160896,-0.008076,0.053691,-0.019246,0.037996,-0.016366,0.040194,-0.005312,0.037305,-0.022504,0.018874,-0.004748,0.021923,-0.005504,0.03617,0.035082,0.054959,0.036067,0.03656,-0.005794,-0.101692,-0.01788,0.004931,-0.010618,0.034525,-0.00554,0.03546,-0.01954,-0.010079,-0.028148,0.026108,0.083039,-0.015257,-0.031111,0.025652,-0.027886,0.009841,0.046375,-0.013484,-0.018835,0.029518,0.048734,0.019717,-0.065252,-0.036192,0.029329
195.877928,417.42644,510.069184,878.322082,1185.361317,-0.00631,0.046856,-0.015795,0.039947,-0.012383,0.043492,-0.011607,0.041523,-0.017463,0.021024,0.009937,0.036573,0.002428,0.038733,0.022779,0.046189,0.023805,0.041477,0.004734,-0.088388,-0.019587,-0.02364,0.008916,0.046167,-0.013175,0.047371,-0.000243,-0.020248,-0.058218,0.033828,0.062744,-0.031046,-0.015234,0.037523,-0.005401,-0.026937,0.030365,-0.026289,-0.02775,0.05662,0.0342,-0.006395,-0.04756,-0.039177,0.051955
141.522223,217.947514,431.301956,940.021215,1519.530122,-0.002207,0.051206,-0.036588,0.050766,-0.005733,-0.040074,-0.036957,-0.040535,-0.006171,-0.006984,0.030537,-0.002683,0.029625,-0.018162,0.054584,0.002823,0.052843,-0.025747,-0.015973,-0.040833,-0.030206,-0.037278,-0.037829,0.009081,-0.036867,0.009549,-0.044292,0.034094,-0.015163,-0.056397,-0.010803,0.059428,0.028648,-0.035051,0.013321,0.030001,-0.06912,-0.005127,-0.038248,-0.001107,-0.013916,0.006848,0.038064,-0.00181,0.065187
178.069608,314.732541,649.672611,1042.673494,1230.649982,0.017659,-0.041455,0.021894,-0.040718,0.023116,-0.037889,0.007616,-0.036577,0.027241,-0.027724,-0.003265,-0.017458,-0.00282,-0.034925,-0.037149,-0.053131,-0.036954,-0.033713,-0.001974,-0.063304,-0.035987,-0.051885,-0.000922,0.042434,-0.004692,0.044599,-0.014921,-0.063285,-0.009267,0.003437,-0.003418,-0.040541,-0.015009,0.079596,0.006161,0.000865,0.013682,0.018469,-0.079891,0.00656,0.013665,-0.006328,0.01928,-0.030489,0.052254
144.684983,401.560263,555.503239,912.447434,1123.168338,0.003409,-0.032218,0.019428,-0.031808,0.006731,-0.048594,0.013007,-0.047746,0.039272,0.017448,0.000242,0.022552,-0.000171,0.032444,0.031423,0.05557,0.031913,0.046517,0.01703,-0.062177,-0.006475,-0.053684,0.030216,0.031624,-0.020324,0.035835,-0.045392,-0.031725,-0.031839,-0.048975,-0.020616,-0.041433,0.018849,0.024017,0.018218,0.059414,0.032245,0.013959,-0.037551,0.005064,0.039567,0.009252,-0.068229,-0.019913,0.070317
175.165001,426.570866,663.281621,1066.746986,1611.672424,0.004901,-0.035748,0.020371,-0.035093,0.009636,-0.049017,0.016986,-0.047711,0.013791,0.02352,-0.014888,0.024116,-0.014078,0.043404,0.035707,0.033985,0.036894,0.045069,0.001276,-0.064467,-0.032653,-0.051936,0.003209,0.030673,-0.039511,0.03332,-0.005943,-0.03277,-0.025785,0.036317,-0.013116,-0.042282,0.00983,0.063102,0.03202,-0.060494,0.062781,0.00457,0.036681,1.8e-05,0.019033,-0.002825,-0.032774,0.00461,-0.076191
130.88135,373.067823,683.712451,1073.379761,1237.447178,0.005755,-0.038405,0.026252,-0.038048,0.034286,-0.026171,0.025,-0.025497,0.039789,-0.008383,-0.008752,-0.016863,-0.007587,-0.039373,-0.052777,-0.030892,-0.050827,-0.019004,-0.000828,0.065242,0.022529,0.051971,-0.007293,-0.036163,0.025315,-0.03968,0.035588,-0.101737,-0.013275,0.013584,-0.006634,-0.023898,0.004564,0.036019,0.015383,0.011986,0.03844,-0.011428,0.049126,-0.002165,-0.046073,-0.012581,0.048155,0.024202,-0.063758
125.676597,290.250895,655.079076,776.279823,1210.083988,-0.003402,0.032488,-0.020936,0.03213,-0.005308,0.05332,0.01827,0.052728,-0.007241,-0.023567,0.020696,-0.016735,0.019855,-0.035659,-0.015798,-0.066078,-0.017427,-0.040053,0.018209,-0.052011,-0.010681,-0.041461,0.023567,0.03921,-0.065712,0.038725,0.008622,-0.034066,-0.046339,-0.036349,-0.031842,-0.037886,0.006781,0.060736,0.01649,-0.033927,0.017926,0.013439,-0.079368,0.004335,0.019362,-0.006872,-0.001538,-0.03091,0.055968
232.846226,467.635342,727.628267,859.930832,1478.04655,0.009908,-0.042855,0.021398,-0.041541,0.019306,-0.041929,0.016063,-0.030223,0.026478,0.020214,0.003076,0.027817,0.002081,0.036568,0.0395,0.044791,0.037388,0.033543,-0.00525,-0.062137,-0.014508,-0.047649,-0.007861,0.028895,-0.006096,0.067077,-0.029777,-0.019451,0.019914,0.033715,0.016393,-0.030239,-0.061165,0.038901,0.059184,-0.027176,0.064657,0.019468,-0.018994,0.006972,0.041719,-0.039437,-0.049635,0.040055,-0.007708
